cid,shares,asof
20MICRONS,35286502.0,2026-10-09
360ONE,407914200.0,2026-10-09
3IINFOTECH,,2026-10-09
3MINDIA,11265070.0,2026-10-09
63MOONS,46078537.0,2026-10-09
A2ZINFRA,177522358.0,2026-10-09
AARTIDRUGS,91270000.0,2026-10-09
AARTIIND,362741364.0,2026-10-09
AAVAS,79295867.0,2026-10-09
ABAN,58365323.0,2026-10-09
ABB,211908375.0,2026-10-09
ABBOTINDIA,21249302.0,2026-10-09
ABCAPITAL,2737864836.0,2026-10-09
ABFRL,1216777241.0,2026-10-09
ABGSHIP,,2026-10-09
ABIRLANUVO,,2026-10-09
ABREL,110577844.0,2026-10-09
ACC,187787263.0,2026-10-09
ACE,119027888.0,2026-10-09
ACLGATI,147414435.0,2026-10-09
ACROPETAL,,2026-10-09
ACUTAAS,81871122.0,2026-10-09
ADANIENSOL,1222954468.0,2026-10-09
ADANIENT,1353722600.0,2026-10-09
ADANIGREEN,1647176155.0,2026-10-09
ADANIPORTS,2303959098.0,2026-10-09
ADANIPOWER,19284694705.0,2026-10-09
ADHUNIK,,2026-10-09
ADSL,56650603.0,2026-10-09
ADVANTA,,2026-10-09
ADVENZYMES,110232826.0,2026-10-09
AEGISLOG,351000000.0,2026-10-09
AFCONS,367784631.0,2026-10-09
AFFLE,140655157.0,2026-10-09
AFTEK,,2026-10-09
AGRODUTCH,,2026-10-09
AIAENG,93320370.0,2026-10-09
AJANTPHARM,124959024.0,2026-10-09
AJMERA,196795650.0,2026-10-09
ALBK,,2026-10-09
ALEMBICLTD,256781828.0,2026-10-09
ALFALAVAL,,2026-10-09
ALKALI,10182506.0,2026-10-09
ALKEM,119565000.0,2026-10-09
ALKYLAMINE,51148224.0,2026-10-09
ALLCARGO,1497778469.0,2026-10-09
ALLDIGI,15238326.0,2026-10-09
ALOKINDS,4965240401.0,2026-10-09
ALOKTEXT,,2026-10-09
ALPSINDUS,39114100.0,2026-10-09
AMAR,,2026-10-09
AMBER,35267767.0,2026-10-09
AMBUJACEM,2484817186.0,2026-10-09
AMDIND,19166749.0,2026-10-09
AMRUTANJAN,28900081.0,2026-10-09
AMTEKAUTO,,2026-10-09
ANANDRATHI,166041268.0,2026-10-09
ANANTRAJ,359876930.0,2026-10-09
ANDHRABANK,,2026-10-09
ANDHRAPAP,198850195.0,2026-10-09
ANDHRSUGAR,135535390.0,2026-10-09
ANGELONE,914594776.0,2026-10-09
ANSALAPI,157404876.0,2026-10-09
ANSALHSG,,2026-10-09
ANTELOPUS,35162358.0,2026-10-09
ANTHEM,561713851.0,2026-10-09
ANURAS,113849841.0,2026-10-09
APARINDS,41872337.0,2026-10-09
APEX,31250000.0,2026-10-09
APLAPOLLO,277658405.0,2026-10-09
APLLTD,196563124.0,2026-10-09
APOLLO,371599512.0,2026-10-09
APOLLOHOSP,143784657.0,2026-10-09
APOLLOTYRE,632581334.0,2026-10-09
APTECHT,58002817.0,2026-10-09
APTUS,500817736.0,2026-10-09
AQUA,,2026-10-09
ARCHIES,33780000.0,2026-10-09
ARCOTECH,,2026-10-09
ARE&M,183025364.0,2026-10-09
ARIES,13004339.0,2026-10-09
ARSSINFRA,90118498.0,2026-10-09
ARVIND,272040630.0,2026-10-09
ARVINDREM,,2026-10-09
ASHOKA,280723217.0,2026-10-09
ASHOKLEY,5873854552.0,2026-10-09
ASIANELEC,,2026-10-09
ASIANPAINT,958644295.0,2026-10-09
ASTEC,22282238.0,2026-10-09
ASTRAL,268650163.0,2026-10-09
ASTRAMICRO,94945008.0,2026-10-09
ASTRAZEN,25000000.0,2026-10-09
ATGL,1099810083.0,2026-10-09
ATHERENERG,396718101.0,2026-10-09
ATLANTAA,81500000.0,2026-10-09
ATLASCYCLE,6503838.0,2026-10-09
ATUL,29441755.0,2026-10-09
ATULAUTO,27751280.0,2026-10-09
AUBANK,749415850.0,2026-10-09
AURIONPRO,53799664.0,2026-10-09
AUROPHARMA,575377895.0,2026-10-09
AURUM,96558318.0,2026-10-09
AUSTRAL,,2026-10-09
AUTOIND,45375401.0,2026-10-09
AVANTIFEED,136245630.0,2026-10-09
AWL,1291817635.0,2026-10-09
AXISBANK,3113773044.0,2026-10-09
AXISCADES,42533489.0,2026-10-09
AZTECSOFT,,2026-10-09
BAJAJ-AUTO,274803838.0,2026-10-09
BAJAJCON,130618321.0,2026-10-09
BAJAJELEC,115423636.0,2026-10-09
BAJAJFINSV,1600244726.0,2026-10-09
BAJAJHFL,8328662006.0,2026-10-09
BAJAJHIND,2388886041.0,2026-10-09
BAJAJHLDNG,111293510.0,2026-10-09
BAJFINANCE,6220913102.0,2026-10-09
BALAJITELE,121902291.0,2026-10-09
BALAMINES,32401000.0,2026-10-09
BALKRISIND,193317190.0,2026-10-09
BALLARPUR,,2026-10-09
BALRAMCHIN,211597496.0,2026-10-09
BANDHANBNK,1611147348.0,2026-10-09
BANG,13560000.0,2026-10-09
BANKBARODA,5171362179.0,2026-10-09
BANKINDIA,4552667866.0,2026-10-09
BANKPUNJAB,,2026-10-09
BANKRAJAS,,2026-10-09
BARTRONICS,,2026-10-09
BATAINDIA,128527540.0,2026-10-09
BAYERCROP,44942092.0,2026-10-09
BBTC,69771900.0,2026-10-09
BCG,2018521873.0,2026-10-09
BDL,366562500.0,2026-10-09
BECTORFOOD,306702212.0,2026-10-09
BEDMUTHA,32263884.0,2026-10-09
BEL,7309778829.0,2026-10-09
BELRISE,967151919.0,2026-10-09
BEML,83289000.0,2026-10-09
BEPL,248858460.0,2026-10-09
BERGEPAINT,1166002812.0,2026-10-09
BFUTILITIE,37667628.0,2026-10-09
BGRENERGY,72161560.0,2026-10-09
BHARATCOAL,,2026-10-09
BHARATFIN,,2026-10-09
BHARATFORG,488670642.0,2026-10-09
BHARATIDIL,,2026-10-09
BHARTIARTL,6238658094.0,2026-10-09
BHARTIHEXA,500000000.0,2026-10-09
BHEL,3482063355.0,2026-10-09
BILT,,2026-10-09
BILVYAPAR,31366175.0,2026-10-09
BIOCON,1637753969.0,2026-10-09
BIRLACORPN,77005347.0,2026-10-09
BIRLANU,7540899.0,2026-10-09
BLACKBUCK,182240745.0,2026-10-09
BLISSGVS,106330472.0,2026-10-09
BLKASHYAP,225482408.0,2026-10-09
BLS,411522253.0,2026-10-09
BLUEBIRD,,2026-10-09
BLUESTARCO,205592970.0,2026-10-09
BODALCHEM,125944065.0,2026-10-09
BOMDYEING,206534900.0,2026-10-09
BONGAIREFN,,2026-10-09
BORORENEW,147183709.0,2026-10-09
BOSCH-HCIL,27190884.0,2026-10-09
BOSCHLTD,29496100.0,2026-10-09
BPCL,4272584874.0,2026-10-09
BRFL,,2026-10-09
BRIGADE,326162379.0,2026-10-09
BRITANNIA,240868296.0,2026-10-09
BROADCAST,,2026-10-09
BROOKS,29457248.0,2026-10-09
BSE,406129077.0,2026-10-09
BSELINFRA,,2026-10-09
BSLIMITED,,2026-10-09
BSOFT,279647056.0,2026-10-09
BURGERKING,,2026-10-09
BURNPUR,17224873.0,2026-10-09
CAIRN,,2026-10-09
CAMLINFINE,192091613.0,2026-10-09
CAMPUS,305679721.0,2026-10-09
CAMS,248297551.0,2026-10-09
CANBK,9070651260.0,2026-10-09
CANDC,,2026-10-09
CANFINHOME,133154591.0,2026-10-09
CAPACITE,84604043.0,2026-10-09
CAPF,,2026-10-09
CAPILLARY,79471983.0,2026-10-09
CAPLIPOINT,76011696.0,2026-10-09
CARERATING,30132612.0,2026-10-09
CARTRADE,48614885.0,2026-10-09
CASTEXTECH,,2026-10-09
CASTROL,,2026-10-09
CASTROLIND,989122384.0,2026-10-09
CCAVENUE,3481019690.0,2026-10-09
CCCL,446759451.0,2026-10-09
CCL,133344224.0,2026-10-09
CDSL,209000000.0,2026-10-09
CEAT,,2026-10-09
CEATLTD,40450092.0,2026-10-09
CELEBRITY,64548346.0,2026-10-09
CEMPRO,171787584.0,2026-10-09
CENTBOP,,2026-10-09
CENTENKA,21850589.0,2026-10-09
CENTRALBK,9051401274.0,2026-10-09
CENTURYPLY,222172990.0,2026-10-09
CESC,1325570430.0,2026-10-09
CGCL,962153962.0,2026-10-09
CGPOWER,1575468309.0,2026-10-09
CHAMBLFERT,400652297.0,2026-10-09
CHEMCON,36630701.0,2026-10-09
CHEMPLASTS,158109574.0,2026-10-09
CHENNPETRO,148911400.0,2026-10-09
CHOLAFIN,857510806.0,2026-10-09
CIEINDIA,379362377.0,2026-10-09
CINEMAX,,2026-10-09
CIPLA,807870615.0,2026-10-09
CLEAN,106284121.0,2026-10-09
CMAHENDRA,,2026-10-09
CMC,,2026-10-09
CMSINFO,160063415.0,2026-10-09
COALINDIA,6162728327.0,2026-10-09
COCHINREFN,,2026-10-09
COCHINSHIP,263080780.0,2026-10-09
COFFEEDAY,211251719.0,2026-10-09
COFORGE,443038622.0,2026-10-09
COHANCE,382597330.0,2026-10-09
COLGATE,,2026-10-09
COLPAL,271985634.0,2026-10-09
CONCOR,761617935.0,2026-10-09
CORALHUB,,2026-10-09
COREEDUTEC,,2026-10-09
COROMANDEL,294541099.0,2026-10-09
CORPBANK,,2026-10-09
COSMOFIRST,25958155.0,2026-10-09
COX&KINGS,,2026-10-09
CPCAP,18199006.0,2026-10-09
CREDITACC,160278893.0,2026-10-09
CREWBOS,,2026-10-09
CRISIL,73130017.0,2026-10-09
CRIZAC,174982500.0,2026-10-09
CROMPTON,643914875.0,2026-10-09
CSBBANK,169477587.0,2026-10-09
CTE,19250771.0,2026-10-09
CUB,990787237.0,2026-10-09
CUMMINSIND,277200000.0,2026-10-09
CUPID,1344660700.0,2026-10-09
CYBERMEDIA,20829721.0,2026-10-09
CYIENT,104101639.0,2026-10-09
DABUR,1773957026.0,2026-10-09
DALBHARAT,187728794.0,2026-10-09
DALMIABHA,,2026-10-09
DALMIASUG,80939303.0,2026-10-09
DATAMATICS,59106389.0,2026-10-09
DATAPATTNS,55983969.0,2026-10-09
DBCORP,178254679.0,2026-10-09
DBL,162444833.0,2026-10-09
DBREALTY,542406761.0,2026-10-09
DCBBANK,322189412.0,2026-10-09
DCHL,,2026-10-09
DCMSHRIRAM,154854814.0,2026-10-09
DEEPAKFERT,126365329.0,2026-10-09
DEEPAKNTR,136393041.0,2026-10-09
DEEPENR,,2026-10-09
DELHIVERY,749294369.0,2026-10-09
DELTACORP,267771097.0,2026-10-09
DEN,476765914.0,2026-10-09
DENABANK,,2026-10-09
DEVYANI,1232939791.0,2026-10-09
DHAMPURSUG,64306509.0,2026-10-09
DHANBANK,394698851.0,2026-10-09
DHANI,621626346.0,2026-10-09
DHANUS,,2026-10-09
DHFL,,2026-10-09
DIGJAM,,2026-10-09
DISHMAN,,2026-10-09
DISHTV,1841256154.0,2026-10-09
DIVISLAB,265468580.0,2026-10-09
DIXON,60801893.0,2026-10-09
DLF,2475311706.0,2026-10-09
DMART,652309523.0,2026-10-09
DRDATSONS,,2026-10-09
DREDGECORP,28000000.0,2026-10-09
DRREDDY,832988625.0,2026-10-09
DSKULKARNI,10000000.0,2026-10-09
DWARKESH,185301470.0,2026-10-09
EASEMYTRIP,3636853188.0,2026-10-09
ECLERX,92025272.0,2026-10-09
EDELWEISS,946531653.0,2026-10-09
EDSERV,,2026-10-09
EDUCOMP,122467168.0,2026-10-09
EICHERMOT,274521706.0,2026-10-09
EIDPARRY,177955692.0,2026-10-09
EIEL,175530000.0,2026-10-09
EIHOTEL,625364182.0,2026-10-09
EKC,112207682.0,2026-10-09
ELDERPHARM,,2026-10-09
ELECON,224399930.0,2026-10-09
ELECTCAST,618184591.0,2026-10-09
ELGIEQUIP,315241478.0,2026-10-09
EMAMILTD,429200000.0,2026-10-09
EMBDL,1390033433.0,2026-10-09
EMCO,,2026-10-09
EMMVEE,692345033.0,2026-10-09
ENDURANCE,140662848.0,2026-10-09
ENGINERSIN,562042373.0,2026-10-09
ENIL,47670415.0,2026-10-09
ENRIN,356120505.0,2026-10-09
EPACKPEB,100631006.0,2026-10-09
EQUITAS,,2026-10-09
EQUITASBNK,1144131491.0,2026-10-09
ERAINFRA,,2026-10-09
ERIS,138738569.0,2026-10-09
EROSMEDIA,95914119.0,2026-10-09
ESABINDIA,15393020.0,2026-10-09
ESCORTS,110027390.0,2026-10-09
ESSARGUJ,,2026-10-09
ESSAROIL,,2026-10-09
ESSARSHIP,,2026-10-09
ESSDEE,,2026-10-09
ESTL,,2026-10-09
ETERNAL,9205393097.0,2026-10-09
EVEREADY,72687260.0,2026-10-09
EVERONN,,2026-10-09
EVINIX,,2026-10-09
EXIDEIND,850000000.0,2026-10-09
EXPLEOSOL,15519739.0,2026-10-09
FACT,647071974.0,2026-10-09
FAME,,2026-10-09
FCONSUMER,1997034643.0,2026-10-09
FCSSOFT,1709553100.0,2026-10-09
FDC,162810084.0,2026-10-09
FEDERALBNK,2470277782.0,2026-10-09
FEL,494305080.0,2026-10-09
FINCABLES,152939345.0,2026-10-09
FINEORG,30659976.0,2026-10-09
FINPIPE,618313905.0,2026-10-09
FIRSTCRY,485236384.0,2026-10-09
FIRSTWIN,,2026-10-09
FIVESTAR,295195658.0,2026-10-09
FKONCO,,2026-10-09
FLEXITUFF,32822806.0,2026-10-09
FLUOROCHEM,109850000.0,2026-10-09
FORCEMOT,13176262.0,2026-10-09
FORTIS,754958148.0,2026-10-09
FRETAIL,542284079.0,2026-10-09
FSL,690535266.0,2026-10-09
GAIL,6575079643.0,2026-10-09
GALLANTT,241280945.0,2026-10-09
GAMMONIND,,2026-10-09
GARDENSILK,,2026-10-09
GDL,,2026-10-09
GEECEE,20911729.0,2026-10-09
GENUSPOWER,276598765.0,2026-10-09
GEODESIC,,2026-10-09
GEOJITFSL,279122119.0,2026-10-09
GEOMETRIC,,2026-10-09
GEORGWILIM,,2026-10-09
GESHIP,140703207.0,2026-10-09
GESHIPPING,,2026-10-09
GFLLIMITED,109800000.0,2026-10-09
GHCL,91664382.0,2026-10-09
GICHSGFIN,53851066.0,2026-10-09
GICRE,1754400000.0,2026-10-09
GIPCL,155215944.0,2026-10-09
GITANJALI,,2026-10-09
GLAND,165010854.0,2026-10-09
GLAXO,169406034.0,2026-10-09
GLENMARK,282224672.0,2026-10-09
GLOBALVECT,14000000.0,2026-10-09
GLODYNE,,2026-10-09
GMBREW,22846923.0,2026-10-09
GMDCLTD,318000000.0,2026-10-09
GMMPFAUDLR,44957224.0,2026-10-09
GMRAIRPORT,10660975952.0,2026-10-09
GMRINDSTRS,,2026-10-09
GNFC,146940683.0,2026-10-09
GOACARBON,9151052.0,2026-10-09
GOCOLORS,52595984.0,2026-10-09
GODFRYPHLP,155981760.0,2026-10-09
GODREJAGRO,192411390.0,2026-10-09
GODREJCP,1023462075.0,2026-10-09
GODREJIND,336851055.0,2026-10-09
GODREJPROP,301226497.0,2026-10-09
GOENKA,317000000.0,2026-10-09
GOKEX,73277628.0,2026-10-09
GOKUL,98995000.0,2026-10-09
GOLDENTOBC,17680630.0,2026-10-09
GOLDTECH,52373239.0,2026-10-09
GPIL,650738965.0,2026-10-09
GPPL,483625818.0,2026-10-09
GRANULES,272779827.0,2026-10-09
GRAPHITE,195375594.0,2026-10-09
GRASIM,678289362.0,2026-10-09
GRAVITA,72836912.0,2026-10-09
GREAVESCOT,232951434.0,2026-10-09
GRINFRA,96760529.0,2026-10-09
GROWW,6191576922.0,2026-10-09
GRSE,114552000.0,2026-10-09
GRUH,,2026-10-09
GSFC,398477530.0,2026-10-09
GSKCONS,,2026-10-09
GSPL,564211376.0,2026-10-09
GSS,25806843.0,2026-10-09
GTL,157296781.0,2026-10-09
GTLINFRA,12809411532.0,2026-10-09
GTOFFSHORE,,2026-10-09
GUJALKALI,73436928.0,2026-10-09
GUJENERGY,938230849.0,2026-10-09
GUJNRECOKE,,2026-10-09
GUJRATGAS,,2026-10-09
GUJSIDHCEM,,2026-10-09
GVKPIL,1579210400.0,2026-10-09
GVPIL,67227471.0,2026-10-09
GVT&D,256046535.0,2026-10-09
HAL,668775000.0,2026-10-09
HANUNG,,2026-10-09
HAPPSTMNDS,150261936.0,2026-10-09
HARRMALAYA,18455405.0,2026-10-09
HARSHA,91044105.0,2026-10-09
HATHWAY,1770104500.0,2026-10-09
HAVELLS,627561652.0,2026-10-09
HBLENGINE,277194946.0,2026-10-09
HCC,2619468062.0,2026-10-09
HCL-INSYS,329209928.0,2026-10-09
HCLTECH,2705766714.0,2026-10-09
HDBFS,828454614.0,2026-10-09
HDFC,,2026-10-09
HDFCAMC,429073398.0,2026-10-09
HDFCBANK,15418479370.0,2026-10-09
HDFCLIFE,2172049147.0,2026-10-09
HDIL,474003986.0,2026-10-09
HEGAM,329798912.0,2026-10-09
HEIDELBERG,226631309.0,2026-10-09
HELIOSMATH,,2026-10-09
HEMIPROP,285124736.0,2026-10-09
HERANBA,40013467.0,2026-10-09
HERCULES,32000000.0,2026-10-09
HERITGFOOD,92796000.0,2026-10-09
HEROMOTOCO,200141207.0,2026-10-09
HEXAWARE,,2026-10-09
HFCL,1530263663.0,2026-10-09
HGM,12594972.0,2026-10-09
HGS,46520285.0,2026-10-09
HIKAL,123300750.0,2026-10-09
HIMACHLFUT,,2026-10-09
HIMATSEIDE,125742289.0,2026-10-09
HINDALCO,2219837078.0,2026-10-09
HINDCOPPER,967024020.0,2026-10-09
HINDMOTOR,,2026-10-09
HINDOILEXP,132243289.0,2026-10-09
HINDPETRO,2127822517.0,2026-10-09
HINDUNILVR,2349591262.0,2026-10-09
HINDZINC,4225319000.0,2026-10-09
HINVDIR,,2026-10-09
HLVLTD,659259899.0,2026-10-09
HMT,355601640.0,2026-10-09
HONAUT,8847359.0,2026-10-09
HSCL,504574175.0,2026-10-09
HTMEDIA,231320042.0,2026-10-09
HTMT,,2026-10-09
HUBTOWN,142100657.0,2026-10-09
HUDCO,2001900000.0,2026-10-09
HYUNDAI,812541100.0,2026-10-09
IBP,,2026-10-09
ICICIAMC,494258520.0,2026-10-09
ICICIBANK,7178612767.0,2026-10-09
ICICIGI,499647322.0,2026-10-09
ICICIPRULI,1450782117.0,2026-10-09
ICIL,198054340.0,2026-10-09
ICRA,9625105.0,2026-10-09
ICSA,,2026-10-09
IDBI,10752402175.0,2026-10-09
IDBIBANK,,2026-10-09
IDEA,108343035001.0,2026-10-09
IDFC,,2026-10-09
IDFCFIRSTB,8622825121.0,2026-10-09
IEX,889727189.0,2026-10-09
IFCI,2694314331.0,2026-10-09
IGARASHI,31475048.0,2026-10-09
IGIL,432159696.0,2026-10-09
IGL,1400001600.0,2026-10-09
IIFL,425289575.0,2026-10-09
IL&FSENGG,131121078.0,2026-10-09
IL&FSTRANS,328960027.0,2026-10-09
IMPAL,12480000.0,2026-10-09
IMPEXFERRO,89349856.0,2026-10-09
INDHOTEL,1446605715.0,2026-10-09
INDIABULLS,,2026-10-09
INDIACEM,464845219.0,2026-10-09
INDIAGLYCO,67026765.0,2026-10-09
INDIAMART,60138656.0,2026-10-09
INDIANB,1346963981.0,2026-10-09
INDIGO,386666597.0,2026-10-09
INDIGOPNTS,47732637.0,2026-10-09
INDOCO,92173705.0,2026-10-09
INDOTECH,10620000.0,2026-10-09
INDOWIND,161002170.0,2026-10-09
INDRAMEDCO,91673000.0,2026-10-09
INDSWFTLAB,86836558.0,2026-10-09
INDUSINDBK,779144712.0,2026-10-09
INDUSTOWER,2637202542.0,2026-10-09
INFINITE,,2026-10-09
INFY,4050343559.0,2026-10-09
INGVYSYABK,,2026-10-09
INOXINDIA,90922459.0,2026-10-09
INOXLEISUR,,2026-10-09
INOXWIND,1728237822.0,2026-10-09
INSECTICID,29097837.0,2026-10-09
INTELLECT,139520898.0,2026-10-09
INVENTURE,1050000000.0,2026-10-09
IOB,19256589795.0,2026-10-09
IOC,14121238383.0,2026-10-09
IOLCP,293527510.0,2026-10-09
IPCALAB,253704218.0,2026-10-09
IPCL,,2026-10-09
IPL,115163508.0,2026-10-09
IRB,12078000000.0,2026-10-09
IRCON,940515740.0,2026-10-09
IRCTC,800000000.0,2026-10-09
IREDA,2809231268.0,2026-10-09
IRFC,13068506000.0,2026-10-09
ISEC,,2026-10-09
ITC,12530517081.0,2026-10-09
ITCHOTELS,2083064424.0,2026-10-09
ITI,962851967.0,2026-10-09
IVRCLAH,,2026-10-09
IVRCLINFRA,,2026-10-09
IXIGO,441085150.0,2026-10-09
J&KBANK,1101182463.0,2026-10-09
JAGRAN,217654272.0,2026-10-09
JAICORPLTD,175504995.0,2026-10-09
JAINREC,345085814.0,2026-10-09
JAMNAAUTO,399985135.0,2026-10-09
JAYNECOIND,970998244.0,2026-10-09
JAYSREETEA,28877488.0,2026-10-09
JBCHEPHARM,160558706.0,2026-10-09
JBFIND,,2026-10-09
JBMA,236494264.0,2026-10-09
JETAIRWAYS,113597383.0,2026-10-09
JINDALDRIL,,2026-10-09
JINDALIRON,,2026-10-09
JINDALPHOT,10297466.0,2026-10-09
JINDALPOLY,43786413.0,2026-10-09
JINDALSAW,637621094.0,2026-10-09
JINDALSTEL,1017488097.0,2026-10-09
JINDRILL,28981104.0,2026-10-09
JINDVIJSTL,,2026-10-09
JIOFIN,6603141623.0,2026-10-09
JISLJALEQS,733510251.0,2026-10-09
JKCEMENT,77268251.0,2026-10-09
JKIL,75665506.0,2026-10-09
JKLAKSHMI,124144426.0,2026-10-09
JKPAPER,181318771.0,2026-10-09
JKTYRE,288289511.0,2026-10-09
JMFINANCIL,957004936.0,2026-10-09
JPASSOCIAT,2454595640.0,2026-10-09
JPINFRATEC,,2026-10-09
JPPOWER,6853458827.0,2026-10-09
JSL,823949824.0,2026-10-09
JSWENERGY,1832372944.0,2026-10-09
JSWHL,11098438.0,2026-10-09
JSWINFRA,2315161753.0,2026-10-09
JSWISPAT,,2026-10-09
JSWSTEEL,2440826972.0,2026-10-09
JUBLFOOD,657674557.0,2026-10-09
JUBLINGREA,157716549.0,2026-10-09
JUBLPHARMA,158387168.0,2026-10-09
JUPITER,,2026-10-09
JUSTDIAL,85049032.0,2026-10-09
JWL,427370389.0,2026-10-09
JYOTHYLAB,367235520.0,2026-10-09
JYOTISTRUC,1193659937.0,2026-10-09
KAJARIACER,157143050.0,2026-10-09
KALINDEE,,2026-10-09
KALYANKJIL,1032750972.0,2026-10-09
KANSAINER,808854580.0,2026-10-09
KARURVYSYA,966667248.0,2026-10-09
KAUSHALYA,346306.0,2026-10-09
KAYNES,67222491.0,2026-10-09
KCPSUGIND,114282557.0,2026-10-09
KEC,266200000.0,2026-10-09
KEI,95645595.0,2026-10-09
KERNEX,16803622.0,2026-10-09
KESORAMIND,310663663.0,2026-10-09
KFA,,2026-10-09
KFINTECH,172872079.0,2026-10-09
KGL,,2026-10-09
KIMS,420006484.0,2026-10-09
KIOCL,607751097.0,2026-10-09
KIRIINDUS,65168000.0,2026-10-09
KITEX,199500000.0,2026-10-09
KKCL,61625185.0,2026-10-09
KLGSYSTEL,,2026-10-09
KOHINOOR,37071530.0,2026-10-09
KOKUYOCMLN,100303806.0,2026-10-09
KOLTEPATIL,88680094.0,2026-10-09
KOPRAN,48326105.0,2026-10-09
KOTAKBANK,9947881278.0,2026-10-09
KOTARISUG,82888581.0,2026-10-09
KOUTONS,,2026-10-09
KPIGREEN,197671968.0,2026-10-09
KPIL,170772546.0,2026-10-09
KPITTECH,272227219.0,2026-10-09
KPRMILL,342522549.0,2026-10-09
KRBL,228889892.0,2026-10-09
KRN,65458486.0,2026-10-09
KSCL,51040869.0,2026-10-09
KSK,,2026-10-09
KSL,43759380.0,2026-10-09
KSOILS,,2026-10-09
KTKBANK,378181464.0,2026-10-09
KWALITY,,2026-10-09
LAKSHVILAS,,2026-10-09
LALPATHLAB,166977774.0,2026-10-09
LAMBODHARA,10377600.0,2026-10-09
LANDSMILL,1410695055.0,2026-10-09
LAOPALA,111000000.0,2026-10-09
LATENTVIEW,207083230.0,2026-10-09
LAURUSLABS,540312218.0,2026-10-09
LEEL,,2026-10-09
LEMONTREE,791847623.0,2026-10-09
LENSKART,1732025737.0,2026-10-09
LGEINDIA,678772392.0,2026-10-09
LIBERTSHOE,17040000.0,2026-10-09
LICHSGFIN,550063000.0,2026-10-09
LICI,6324997701.0,2026-10-09
LINDEINDIA,85284223.0,2026-10-09
LITL,,2026-10-09
LLOYDSME,562731642.0,2026-10-09
LML,,2026-10-09
LMW,10683000.0,2026-10-09
LODHA,999250853.0,2026-10-09
LOKESHMACH,21796770.0,2026-10-09
LOVABLE,14800000.0,2026-10-09
LT,1375866086.0,2026-10-09
LTF,2506401820.0,2026-10-09
LTFOODS,347252944.0,2026-10-09
LTM,296461217.0,2026-10-09
LTTS,106086268.0,2026-10-09
LUPIN,457289972.0,2026-10-09
LUXIND,30071681.0,2026-10-09
LXCHEM,277914693.0,2026-10-09
M&M,1200762264.0,2026-10-09
M&MFIN,1389624195.0,2026-10-09
MAHABANK,7691554950.0,2026-10-09
MAHLIFE,213617034.0,2026-10-09
MAHSEAMLES,133999252.0,2026-10-09
MAKE,,2026-10-09
MANAKSIA,65534050.0,2026-10-09
MANALIPET,,2026-10-09
MANAPPURAM,939336102.0,2026-10-09
MANGCHEFER,118515150.0,2026-10-09
MANGLMCEM,27497298.0,2026-10-09
MANINDS,75009571.0,2026-10-09
MANINFRA,395941505.0,2026-10-09
MANKIND,413045090.0,2026-10-09
MANPASAND,,2026-10-09
MAPMYINDIA,54761056.0,2026-10-09
MARICO,1297992656.0,2026-10-09
MARKSANS,453163746.0,2026-10-09
MARUTI,314402574.0,2026-10-09
MASTEK,31006376.0,2026-10-09
MATRIXLABS,,2026-10-09
MAXHEALTH,973310251.0,2026-10-09
MAZDOCK,403380000.0,2026-10-09
MBLINFRA,155879256.0,2026-10-09
MCLEODRUSS,104455735.0,2026-10-09
MCX,254514090.0,2026-10-09
MEDPLUS,120087613.0,2026-10-09
MEESHO,4628520929.0,2026-10-09
MEGH,,2026-10-09
MEP,183446052.0,2026-10-09
MERCATOR,,2026-10-09
METALFORGE,,2026-10-09
METROPOLIS,207453880.0,2026-10-09
MFSL,343298749.0,2026-10-09
MGL,98777779.0,2026-10-09
MHRIL,201676778.0,2026-10-09
MIC,,2026-10-09
MIDHANI,187340000.0,2026-10-09
MINDTREE,,2026-10-09
MIRZAINT,138201900.0,2026-10-09
MMTC,1500000000.0,2026-10-09
MOBIKWIK,78746917.0,2026-10-09
MOIL,203485211.0,2026-10-09
MONNETISPA,,2026-10-09
MONSANTO,,2026-10-09
MONTECARLO,20732064.0,2026-10-09
MOREPENLAB,547953699.0,2026-10-09
MOSCHIP,194985955.0,2026-10-09
MOSERBAER,,2026-10-09
MOTHERSON,10531231231.0,2026-10-09
MOTILALOFS,602977213.0,2026-10-09
MPHASIS,190817050.0,2026-10-09
MRF,4241143.0,2026-10-09
MRPL,1752598777.0,2026-10-09
MSTCLTD,70400000.0,2026-10-09
MSUMI,6631661898.0,2026-10-09
MTARTECH,30759591.0,2026-10-09
MTEDUCARE,72228054.0,2026-10-09
MTNL,630000000.0,2026-10-09
MUKANDLTD,144495563.0,2026-10-09
MUTHOOTFIN,401468476.0,2026-10-09
MVL,,2026-10-09
NAGARFERT,,2026-10-09
NAHAREXP,,2026-10-09
NAHARSPG,,2026-10-09
NAM-INDIA,640041982.0,2026-10-09
NATCOPHARM,184000000.0,2026-10-09
NATIONALUM,1836631787.0,2026-10-09
NATNLSTEEL,,2026-10-09
NAUKRI,647737579.0,2026-10-09
NAVA,283312597.0,2026-10-09
NAVINFLUOR,51308114.0,2026-10-09
NAZARA,384696024.0,2026-10-09
NBCC,2700000000.0,2026-10-09
NCC,627846588.0,2026-10-09
NDTV,112824717.0,2026-10-09
NECLIFE,194260970.0,2026-10-09
NESCO,70459960.0,2026-10-09
NESTLEIND,1928314320.0,2026-10-09
NETWEB,59447551.0,2026-10-09
NETWORK18,1544487688.0,2026-10-09
NEULANDLAB,12829889.0,2026-10-09
NEWGEN,141159509.0,2026-10-09
NEXTMEDIA,66892908.0,2026-10-09
NFL,490578400.0,2026-10-09
NH,203099835.0,2026-10-09
NHPC,10045034805.0,2026-10-09
NIACL,1648000000.0,2026-10-09
NIITLTD,136993744.0,2026-10-09
NILKAMAL,14972296.0,2026-10-09
NIPPONDENR,,2026-10-09
NISSAN,,2026-10-09
NITCO,252576105.0,2026-10-09
NITINFIRE,,2026-10-09
NLCINDIA,1386636609.0,2026-10-09
NMDC,8791817550.0,2026-10-09
NOCIL,167024930.0,2026-10-09
NOIDATOLL,186195002.0,2026-10-09
NRC,,2026-10-09
NSLNISP,2930605850.0,2026-10-09
NTPC,9696666134.0,2026-10-09
NTPCGREEN,8426329669.0,2026-10-09
NUCLEUS,26325306.0,2026-10-09
NUTEK,,2026-10-09
NUVAMA,184515689.0,2026-10-09
NYKAA,2865270707.0,2026-10-09
OBEROIRLTY,363602237.0,2026-10-09
OFSS,87102017.0,2026-10-09
OIL,1626607791.0,2026-10-09
OLAELEC,4418680703.0,2026-10-09
OLECTRA,82080737.0,2026-10-09
OMAXE,183654284.0,2026-10-09
OMNITECH,,2026-10-09
ONELIFECAP,37360000.0,2026-10-09
ONGC,12580279206.0,2026-10-09
ONMOBILE,106321351.0,2026-10-09
OPTOCIRCUI,,2026-10-09
ORBITCORP,,2026-10-09
ORCHIDPHAR,,2026-10-09
ORIENTBANK,,2026-10-09
ORIENTPPR,212185502.0,2026-10-09
ORISSAMINE,6000000.0,2026-10-09
OSWALGREEN,256809160.0,2026-10-09
OUDHSUG,,2026-10-09
PAGEIND,11153874.0,2026-10-09
PAISALO,940061662.0,2026-10-09
PALRED,,2026-10-09
PANACEABIO,61250746.0,2026-10-09
PARADEEP,1038520250.0,2026-10-09
PARAGMILK,125508539.0,2026-10-09
PARAS,80587330.0,2026-10-09
PARSVNATH,435181170.0,2026-10-09
PATANJALI,1087879698.0,2026-10-09
PATELENG,955047697.0,2026-10-09
PATNI,,2026-10-09
PAYTM,639907503.0,2026-10-09
PBAINFRA,,2026-10-09
PCBL,393462604.0,2026-10-09
PCJEWELLER,9807757077.0,2026-10-09
PEL,225313316.0,2026-10-09
PENINLAND,331728220.0,2026-10-09
PENTSFWARE,,2026-10-09
PERSISTENT,156231044.0,2026-10-09
PETRONET,1500000088.0,2026-10-09
PFC,3300101760.0,2026-10-09
PFIZER,45747732.0,2026-10-09
PFOCUS,778773880.0,2026-10-09
PFS,642283335.0,2026-10-09
PGEL,286496708.0,2026-10-09
PGHL,16599382.0,2026-10-09
PGIL,92381084.0,2026-10-09
PHILIPCARB,,2026-10-09
PHOENIXLTD,357677858.0,2026-10-09
PIDILITIND,1018540168.0,2026-10-09
PIIND,151706138.0,2026-10-09
PIONEEREMB,30815442.0,2026-10-09
PIRPHYTO,,2026-10-09
PLETHICO,,2026-10-09
PNB,11492943268.0,2026-10-09
PNBHOUSING,260803913.0,2026-10-09
POCHIRAJU,,2026-10-09
POLARIS,,2026-10-09
POLICYBZR,462099887.0,2026-10-09
POLYCAB,150635053.0,2026-10-09
POLYPLEX,32588162.0,2026-10-09
POONAWALLA,875892904.0,2026-10-09
POWERGRID,9300603819.0,2026-10-09
POWERINDIA,44572363.0,2026-10-09
PPLPHARMA,1325018448.0,2026-10-09
PRAJIND,183813088.0,2026-10-09
PRAKASH,179081839.0,2026-10-09
PRAKASHSTL,175000390.0,2026-10-09
PRATIBHA,,2026-10-09
PREMIERENE,451446522.0,2026-10-09
PRESTIGE,430730232.0,2026-10-09
PRICOL,,2026-10-09
PRIMESECU,33960325.0,2026-10-09
PRINCEPIPE,110582248.0,2026-10-09
PRITHVI,,2026-10-09
PROVOGUE,,2026-10-09
PRSMJOHNSN,503356580.0,2026-10-09
PSB,7095585220.0,2026-10-09
PSL,,2026-10-09
PSTL,,2026-10-09
PTC,296008321.0,2026-10-09
PUNJABTRAC,,2026-10-09
PUNJLLOYD,,2026-10-09
PURVA,237149686.0,2026-10-09
PVP,260403681.0,2026-10-09
PVRINOX,96130997.0,2026-10-09
PWL,2908672804.0,2026-10-09
QPOWER,77444100.0,2026-10-09
QUADFUTURE,40000000.0,2026-10-09
QUESS,149385918.0,2026-10-09
QUICKHEAL,54276011.0,2026-10-09
RADICO,133989065.0,2026-10-09
RAILTEL,320938407.0,2026-10-09
RAIN,336345679.0,2026-10-09
RAINCALCIN,,2026-10-09
RAJESHEXPO,295259959.0,2026-10-09
RAJOIL,,2026-10-09
RAJSREESUG,33135606.0,2026-10-09
RAJTV,51913344.0,2026-10-09
RALLIS,194468890.0,2026-10-09
RAMANEWSPR,,2026-10-09
RAMCOCEM,236292380.0,2026-10-09
RANASUG,153567820.0,2026-10-09
RANBAXY,,2026-10-09
RATEGAIN,118425559.0,2026-10-09
RAYMOND,66551431.0,2026-10-09
RBLBANK,1552281436.0,2026-10-09
RBN,,2026-10-09
RCAPVL,,2026-10-09
RCF,551688100.0,2026-10-09
RCOM,2764432389.0,2026-10-09
RECLTD,2633224000.0,2026-10-09
REDINGTON,781774431.0,2026-10-09
REIAGRO,,2026-10-09
REIAGROLTD,,2026-10-09
RELAXO,248938586.0,2026-10-09
RELCAPITAL,,2026-10-09
RELIANCE,13532472635.0,2026-10-09
RELIGARE,344755742.0,2026-10-09
RELINFRA,408181194.0,2026-10-09
RELMEDIA,,2026-10-09
RENUKA,2128489773.0,2026-10-09
RENVL,,2026-10-09
REPCOHOME,62561362.0,2026-10-09
REPRO,14345338.0,2026-10-09
RESURGERE,,2026-10-09
RIIL,15100000.0,2026-10-09
RIL-RE,,2026-10-09
RITES,480603774.0,2026-10-09
RKDL,24000000.0,2026-10-09
RNAVAL,,2026-10-09
RNRL,,2026-10-09
ROHLTD,27425215.0,2026-10-09
ROLTA,167592805.0,2026-10-09
ROSSARI,55394116.0,2026-10-09
ROUTE,63003082.0,2026-10-09
RPL,,2026-10-09
RPOWER,4135770966.0,2026-10-09
RSSOFTWARE,25831212.0,2026-10-09
RTNPOWER,5370105860.0,2026-10-09
RUCHI,,2026-10-09
RUCHISOYA,,2026-10-09
RUPA,79544453.0,2026-10-09
RUSHIL,293416820.0,2026-10-09
RVNL,2085020100.0,2026-10-09
SADBHAV,171570800.0,2026-10-09
SAGILITY,4681328413.0,2026-10-09
SAIL,4130525289.0,2026-10-09
SAILIFE,212418216.0,2026-10-09
SAKHTISUG,119017298.0,2026-10-09
SAKSOFT,128529193.0,2026-10-09
SALSTEEL,144766700.0,2026-10-09
SAMMAANCAP,1148686844.0,2026-10-09
SAMTEL,,2026-10-09
SANGHVIFOR,,2026-10-09
SANOFI,23030622.0,2026-10-09
SAREGAMA,191959490.0,2026-10-09
SASKEN,15191491.0,2026-10-09
SATIN,109988019.0,2026-10-09
SATYAMCOMP,,2026-10-09
SB&TINTL,,2026-10-09
SBBJ,,2026-10-09
SBICARD,951643783.0,2026-10-09
SBILIFE,1003405073.0,2026-10-09
SBIN,9230617586.0,2026-10-09
SBT,,2026-10-09
SCHAEFFLER,156303670.0,2026-10-09
SCHAND,35272192.0,2026-10-09
SCI,465799010.0,2026-10-09
SECURKLOUD,33410605.0,2026-10-09
SELMCL,,2026-10-09
SERVALL,,2026-10-09
SETUINFRA,128900780.0,2026-10-09
SEZALGLASS,,2026-10-09
SFL,109203314.0,2026-10-09
SGJHL,,2026-10-09
SHAH,1026374228.0,2026-10-09
SHAKTIPUMP,123397965.0,2026-10-09
SHANKARA,24249326.0,2026-10-09
SHANTIGEAR,76740309.0,2026-10-09
SHARDACROP,90220495.0,2026-10-09
SHASUNPHAR,,2026-10-09
SHEKHAWATI,34470000.0,2026-10-09
SHILPAMED,195581816.0,2026-10-09
SHOPERSTOP,110205662.0,2026-10-09
SHREEASHTA,,2026-10-09
SHREECEM,36080748.0,2026-10-09
SHRIASTER,,2026-10-09
SHRIRAMCIT,,2026-10-09
SHRIRAMFIN,2353045034.0,2026-10-09
SHYAMMETL,278382372.0,2026-10-09
SHYAMTEL,11446530.0,2026-10-09
SHYAMTELE,,2026-10-09
SIEMENS,356120505.0,2026-10-09
SIGNATURE,140686026.0,2026-10-09
SIMPLEX,,2026-10-09
SIMPLEXINF,79095346.0,2026-10-09
SINTEX,,2026-10-09
SIRPAPER,,2026-10-09
SITASHREE,,2026-10-09
SITINET,1154882125.0,2026-10-09
SJVN,3929795175.0,2026-10-09
SKFINDIA,49437963.0,2026-10-09
SKUMARSYNF,,2026-10-09
SMARTLINK,9975000.0,2026-10-09
SMLMAH,14471646.0,2026-10-09
SNOWMAN,167212843.0,2026-10-09
SOBHA,106953834.0,2026-10-09
SOLARA,48250512.0,2026-10-09
SOLARINDS,90490055.0,2026-10-09
SONACOMS,624170274.0,2026-10-09
SONATSOFTW,276794469.0,2026-10-09
SORILINFRA,,2026-10-09
SOUTHBANK,2619503707.0,2026-10-09
SPANDANA,88639506.0,2026-10-09
SPARC,324521588.0,2026-10-09
SPECIALITY,48235657.0,2026-10-09
SPENCERS,90132009.0,2026-10-09
SPICEJET,,2026-10-09
SPICETELE,,2026-10-09
SPLIL,29353979.0,2026-10-09
SPSL,,2026-10-09
SPTL,,2026-10-09
SREINFRA,,2026-10-09
SRF,296406025.0,2026-10-09
SRIADIKARI,,2026-10-09
SRIPIPES,,2026-10-09
STAR,92172715.0,2026-10-09
STARHEALTH,588403502.0,2026-10-09
STCINDIA,60000000.0,2026-10-09
STER,,2026-10-09
STERLINBIO,,2026-10-09
STLTECH,514057433.0,2026-10-09
SUBEX,,2026-10-09
SUBEXLTD,554855308.0,2026-10-09
SUDAR,,2026-10-09
SUDARSCHEM,79616857.0,2026-10-09
SUJANATOW,,2026-10-09
SULA,84447229.0,2026-10-09
SUMICHEM,499145736.0,2026-10-09
SUMMIT,,2026-10-09
SUNDARMFIN,110217571.0,2026-10-09
SUNDRMFAST,210128371.0,2026-10-09
SUNILHITEC,,2026-10-09
SUNPHARMA,2399334970.0,2026-10-09
SUNTECK,146842025.0,2026-10-09
SUNTV,394084620.0,2026-10-09
SUPREMEIND,127081790.0,2026-10-09
SUPRIYA,80482800.0,2026-10-09
SURYALAXMI,18805290.0,2026-10-09
SURYAPHARM,,2026-10-09
SUVEN,282562686.0,2026-10-09
SUZLON,13746422921.0,2026-10-09
SVOGL,,2026-10-09
SWANCORP,313456886.0,2026-10-09
SWIGGY,2620001701.0,2026-10-09
SWSOLAR,233541391.0,2026-10-09
SYMPHONY,68671400.0,2026-10-09
SYNCOM,,2026-10-09
SYNDIBANK,,2026-10-09
SYNGENE,402503158.0,2026-10-09
SYRMA,192624977.0,2026-10-09
TAKE,146224984.0,2026-10-09
TAKSHEEL,,2026-10-09
TALWALKARS,,2026-10-09
TANLA,132050724.0,2026-10-09
TARIL,300165834.0,2026-10-09
TARMAT,25064255.0,2026-10-09
TATACAP,4216692745.0,2026-10-09
TATACHEM,254756278.0,2026-10-09
TATACOFFEE,,2026-10-09
TATACOMM,285085643.0,2026-10-09
TATACONSUM,989690012.0,2026-10-09
TATAELXSI,62299561.0,2026-10-09
TATAINVEST,505952960.0,2026-10-09
TATAMETALI,,2026-10-09
TATAMTRDVR,,2026-10-09
TATAPOWER,3195339547.0,2026-10-09
TATASTEEL,12474316070.0,2026-10-09
TATASTLBSL,,2026-10-09
TATASTLLP,,2026-10-09
TATATECH,406051830.0,2026-10-09
TATVA,23392055.0,2026-10-09
TBZ,66730620.0,2026-10-09
TCNSBRANDS,,2026-10-09
TCS,3618087518.0,2026-10-09
TDPOWERSYS,313706860.0,2026-10-09
TEAMLEASE,15276568.0,2026-10-09
TECHM,885923456.0,2026-10-09
TECPRO,,2026-10-09
TEJASNET,177909524.0,2026-10-09
TELEDATAIN,,2026-10-09
TEXINFRA,127426590.0,2026-10-09
TEXMOPIPES,29195000.0,2026-10-09
TEXRAIL,406864572.0,2026-10-09
TFCILTD,462977240.0,2026-10-09
TGBHOTELS,29286400.0,2026-10-09
THEBYKE,,2026-10-09
THERMAX,112648671.0,2026-10-09
THOMASCOOK,465981141.0,2026-10-09
THYROCARE,159161691.0,2026-10-09
TI,247897900.0,2026-10-09
TIIL,22672798.0,2026-10-09
TIINDIA,193572320.0,2026-10-09
TIMBOR,,2026-10-09
TIMETECHNO,493635379.0,2026-10-09
TIMKEN,75218734.0,2026-10-09
TINPLATE,,2026-10-09
TIRUMALCHM,120552774.0,2026-10-09
TITAGARH,134673768.0,2026-10-09
TITAN,887312335.0,2026-10-09
TMCV,3682789352.0,2026-10-09
TMPV,3682992140.0,2026-10-09
TNPL,69210600.0,2026-10-09
TORNTPHARM,380367856.0,2026-10-09
TORNTPOWER,503903543.0,2026-10-09
TRANSRAILL,134256025.0,2026-10-09
TREEHOUSE,42310724.0,2026-10-09
TRENT,533232301.0,2026-10-09
TRIDENT,5095584070.0,2026-10-09
TRITURBINE,317900459.0,2026-10-09
TRIVENI,220363016.0,2026-10-09
TTKHEALTH,,2026-10-09
TTKPRESTIG,136966384.0,2026-10-09
TTML,1954927727.0,2026-10-09
TULIP,,2026-10-09
TULSI,,2026-10-09
TV-18,,2026-10-09
TV18,,2026-10-09
TV18BRDCST,,2026-10-09
TVSMOTOR,475226252.0,2026-10-09
TVTODAY,59668615.0,2026-10-09
UBHOLDINGS,,2026-10-09
UBL,264405149.0,2026-10-09
UCAL,22113625.0,2026-10-09
UCOBANK,12539558979.0,2026-10-09
UFLEX,72211486.0,2026-10-09
UJAAS,,2026-10-09
UJJIVAN,,2026-10-09
UJJIVANSFB,1951056342.0,2026-10-09
ULTRACEMCO,294169635.0,2026-10-09
UMIYA-MRO,18684602.0,2026-10-09
UNICHEMLAB,70405750.0,2026-10-09
UNIONBANK,7633605607.0,2026-10-09
UNIONCARBI,,2026-10-09
UNITDSPR,710055403.0,2026-10-09
UNITECH,2616301047.0,2026-10-09
UNITEDBNK,,2026-10-09
UNITY,,2026-10-09
UNOMINDA,577467206.0,2026-10-09
UPERGANGES,,2026-10-09
UPL,845284163.0,2026-10-09
URBANCO,1472540141.0,2026-10-09
USHAMART,304400280.0,2026-10-09
USHERAGRO,,2026-10-09
UTTAMSTL,,2026-10-09
UTTAMSUGAR,38138120.0,2026-10-09
UTTAMVALUE,,2026-10-09
UTVSOF,,2026-10-09
V2RETAIL,364637550.0,2026-10-09
VADILALIND,7187830.0,2026-10-09
VAKRANGEE,1083604307.0,2026-10-09
VALECHAENG,,2026-10-09
VAML,3904155728.0,2026-10-09
VARROC,152799335.0,2026-10-09
VARUN,,2026-10-09
VARUNSHIP,,2026-10-09
VBL,3382494644.0,2026-10-09
VDOCONINTL,,2026-10-09
VEDL,3904801732.0,2026-10-09
VEEDOL,16994860.0,2026-10-09
VENKEYS,14087336.0,2026-10-09
VENUSREM,13382692.0,2026-10-09
VESUVIUS,202960800.0,2026-10-09
VGUARD,436891055.0,2026-10-09
VIDEOIND,,2026-10-09
VIJAYA,102997715.0,2026-10-09
VIJAYABANK,,2026-10-09
VIKRAMSOLR,362354381.0,2026-10-09
VIMTALABS,44699859.0,2026-10-09
VINATIORGA,103740649.0,2026-10-09
VIPIND,142055391.0,2026-10-09
VISAKAIND,86404760.0,2026-10-09
VISHALEXPO,,2026-10-09
VISUALSOFT,,2026-10-09
VIVIMEDLAB,82913915.0,2026-10-09
VIYASH,441215420.0,2026-10-09
VMM,4684808639.0,2026-10-09
VOLTAMP,10117120.0,2026-10-09
VOLTAS,330884740.0,2026-10-09
VRLLOG,174936990.0,2026-10-09
VTL,289475800.0,2026-10-09
WAAREEENER,287651335.0,2026-10-09
WAAREERTL,104379217.0,2026-10-09
WABAG,62514829.0,2026-10-09
WALCHANNAG,67904532.0,2026-10-09
WELCORP,263703928.0,2026-10-09
WELENT,135613810.0,2026-10-09
WELSPUNGUJ,,2026-10-09
WELSPUNLIV,941445014.0,2026-10-09
WHEELS,26862361.0,2026-10-09
WHIRLPOOL,126920341.0,2026-10-09
WINSOMEDJ,,2026-10-09
WIPRO,9893437356.0,2026-10-09
WOCKPHARMA,162492169.0,2026-10-09
WONDERLA,63422766.0,2026-10-09
WSTCSTPAPR,66048908.0,2026-10-09
WYETH,,2026-10-09
XCHANGING,111403716.0,2026-10-09
XLENERGY,,2026-10-09
YESBANK,31389067719.0,2026-10-09
ZANDUREALT,,2026-10-09
ZEEL,960519420.0,2026-10-09
ZEEMEDIA,655428680.0,2026-10-09
ZENSARTECH,226962075.0,2026-10-09
ZENTEC,89942636.0,2026-10-09
ZUARIIND,29781184.0,2026-10-09
ZYDUSLIFE,997503832.0,2026-10-09
ZYDUSWELL,318160720.0,2026-10-09
ZYLOG,,2026-10-09
