,replica_tilt,replica_ew,replica_turnover,nifty200mom30_tri,nifty200_tri
2008-01-01,0.006807,0.006861,0.007244,0.003686,0.003004
2008-01-02,0.014347,0.010782,0.012404,0.017384,0.009626
2008-01-03,0.004469,0.002499,0.006368,0.008686,0.002148
2008-01-04,0.011816,0.008500,0.011497,0.015703,0.012648
2008-01-07,0.003458,0.000624,0.004660,0.001389,-0.000197
2008-01-08,-0.012297,-0.014642,-0.014001,-0.006396,-0.005240
2008-01-09,-0.015066,-0.013311,-0.013898,-0.009003,-0.001467
2008-01-10,-0.046010,-0.040950,-0.045159,-0.035836,-0.024088
2008-01-11,0.006040,0.005338,0.009082,0.005405,0.006147
2008-01-14,0.021278,0.021920,0.023607,0.024341,0.007270
2008-01-15,-0.020502,-0.012988,-0.020095,-0.021512,-0.019641
2008-01-16,-0.017941,-0.015465,-0.015406,-0.015984,-0.022033
2008-01-17,-0.001019,0.002056,0.001219,-0.003239,-0.003681
2008-01-18,-0.068357,-0.067661,-0.069816,-0.053309,-0.044017
2008-01-21,-0.183722,-0.169145,-0.181176,-0.140056,-0.103239
2008-01-22,-0.095973,-0.094345,-0.102495,-0.063843,-0.066221
2008-01-23,0.129980,0.115705,0.125726,0.090958,0.070429
2008-01-24,-0.054229,-0.053146,-0.056419,-0.049779,-0.034416
2008-01-25,0.110994,0.105974,0.113449,0.095915,0.071548
2008-01-28,-0.010557,-0.008980,-0.010880,-0.007160,-0.015892
2008-01-29,0.001884,0.001134,0.002265,-0.005474,-0.001031
2008-01-30,-0.045958,-0.043965,-0.047980,-0.033718,-0.024365
2008-01-31,-0.016129,-0.023544,-0.014694,-0.010526,-0.009175
2008-02-01,0.016514,0.018747,0.020327,0.012226,0.025427
2008-02-04,0.036456,0.042633,0.039009,0.029751,0.031745
2008-02-05,0.031043,0.026535,0.033639,0.021691,0.007241
2008-02-06,-0.010098,-0.009026,-0.011792,-0.021828,-0.025972
2008-02-07,-0.045950,-0.044203,-0.048081,-0.039616,-0.034622
2008-02-08,-0.026347,-0.025746,-0.025702,-0.019511,-0.008583
2008-02-11,-0.093705,-0.084167,-0.095412,-0.080331,-0.053909
2008-02-12,-0.014093,-0.007061,-0.009941,-0.002116,-0.006431
2008-02-13,0.020184,0.015719,0.016027,0.013958,0.015989
2008-02-14,0.090537,0.081770,0.091994,0.074776,0.058065
2008-02-15,0.026179,0.025488,0.027930,0.021682,0.020378
2008-02-18,0.004584,0.004765,0.003437,-0.001759,-0.003403
2008-02-19,0.000148,0.003664,0.000329,0.001463,0.000963
2008-02-20,-0.031381,-0.029886,-0.032204,-0.034304,-0.024311
2008-02-21,0.014700,0.012804,0.016640,0.010534,0.006897
2008-02-22,-0.019061,-0.015661,-0.019485,-0.019172,-0.014639
2008-02-25,0.011411,0.007022,0.012902,0.013143,0.012865
2008-02-26,0.018912,0.014189,0.018543,0.017381,0.013327
2008-02-27,0.002866,0.004291,0.000618,0.001572,0.000859
2008-02-28,-0.003801,-0.002052,-0.003301,-0.005499,-0.001316
2008-02-29,-0.008159,-0.008198,-0.009208,-0.010170,-0.009049
2008-03-03,-0.069680,-0.063086,-0.070710,-0.066767,-0.052119
2008-03-04,-0.029453,-0.027305,-0.030104,-0.026220,-0.022741
2008-03-05,-0.005489,-0.005306,-0.006905,-0.003229,0.004949
2008-03-07,-0.064649,-0.058633,-0.066799,-0.052306,-0.035569
2008-03-10,0.008647,0.008419,0.012640,0.003161,0.004655
2008-03-11,0.047289,0.039041,0.045712,0.037875,0.024333
2008-03-12,-0.000208,0.003908,-0.000714,0.002014,-0.002613
2008-03-13,-0.086079,-0.081079,-0.086824,-0.077155,-0.057583
2008-03-14,0.038875,0.034425,0.039525,0.033890,0.025642
2008-03-17,-0.079877,-0.079374,-0.079024,-0.071584,-0.058333
2008-03-18,-0.009114,-0.005721,-0.011080,-0.007296,0.000707
2008-03-19,-0.005354,-0.005171,-0.010118,0.001820,0.004927
2008-03-24,-0.028762,-0.034705,-0.029975,-0.021175,0.000000
2008-03-25,0.091296,0.087679,0.095266,0.082310,0.062108
2008-03-26,0.005926,0.009809,0.006671,-0.005471,-0.004586
2008-03-27,-0.005964,-0.007882,-0.002355,-0.007431,-0.001705
2008-03-28,0.045784,0.042450,0.050328,0.046035,0.028595
2008-03-31,-0.047620,-0.037445,-0.048995,-0.044993,-0.038669
2008-04-01,0.003264,-0.001803,0.001830,-0.007325,-0.000765
2008-04-02,-0.007385,-0.006327,-0.007490,-0.008511,0.004618
2008-04-03,0.002388,0.000194,0.001932,0.001023,0.002789
2008-04-04,-0.030025,-0.025498,-0.026591,-0.030492,-0.024624
2008-04-07,0.022791,0.021760,0.022668,0.026112,0.023068
2008-04-08,-0.010644,-0.007075,-0.013245,-0.012603,-0.007006
2008-04-09,0.014843,0.016273,0.015767,0.017499,0.009138
2008-04-10,0.008536,0.011452,0.008755,0.011000,-0.002611
2008-04-11,0.015277,0.012652,0.017806,0.020375,0.009101
2008-04-15,0.027773,0.023473,0.028112,0.018208,0.020325
2008-04-16,0.018252,0.017524,0.014635,0.007683,0.004733
2008-04-17,0.027149,0.023789,0.024067,0.018151,0.016695
2008-04-21,0.026859,0.025062,0.028445,0.028377,0.017833
2008-04-22,0.024703,0.020279,0.027614,0.018407,0.004913
2008-04-23,-0.005678,-0.000767,-0.001835,-0.008959,-0.003917
2008-04-24,-0.007757,-0.005205,-0.008886,-0.001017,-0.004943
2008-04-25,0.020686,0.017293,0.023348,0.020567,0.019186
2008-04-28,-0.000299,0.000466,-0.002208,-0.002193,-0.001729
2008-04-29,0.020599,0.016088,0.015163,0.024381,0.019357
2008-04-30,-0.002966,-0.003046,-0.006240,-0.004942,-0.003409
2008-05-02,0.021603,0.018619,0.021844,0.019441,0.014176
2008-05-05,0.001308,0.000183,-0.000006,-0.004052,-0.002970
2008-05-06,-0.023409,-0.021123,-0.023974,-0.020793,-0.011421
2008-05-07,-0.008035,-0.008115,-0.006894,-0.003448,-0.003288
2008-05-08,-0.016596,-0.011442,-0.014101,-0.014946,-0.010663
2008-05-09,-0.049073,-0.043776,-0.049321,-0.039183,-0.022812
2008-05-12,0.005050,0.000940,0.003594,0.010399,0.002417
2008-05-13,-0.006716,-0.002471,-0.004786,-0.005029,-0.008019
2008-05-14,0.020859,0.019371,0.020058,0.018086,0.010740
2008-05-15,0.021357,0.018973,0.022329,0.026129,0.019366
2008-05-16,0.017478,0.016195,0.016494,0.016384,0.009605
2008-05-20,-0.013945,-0.013617,-0.015721,-0.010184,-0.009973
2008-05-21,0.018547,0.017563,0.020766,0.015969,0.003956
2008-05-22,-0.025041,-0.020896,-0.024024,-0.022030,-0.018394
2008-05-23,-0.024633,-0.020480,-0.025808,-0.022348,-0.015502
2008-05-26,-0.032639,-0.030455,-0.032149,-0.028377,-0.023467
2008-05-27,-0.007605,-0.007904,-0.009972,-0.012855,-0.004658
2008-05-28,0.018585,0.019207,0.019663,0.011752,0.012253
2008-05-29,-0.005712,0.001063,-0.003641,-0.006428,-0.013364
2008-05-30,-0.003279,0.003836,-0.005480,-0.000523,0.005592
2008-06-02,-0.028715,-0.029647,-0.026245,-0.035340,-0.026925
2008-06-03,-0.002668,-0.003964,0.000090,-0.005175,-0.004213
2008-06-04,-0.049245,-0.049023,-0.047545,-0.045581,-0.029812
2008-06-05,0.018747,0.018244,0.020011,0.024880,0.016474
2008-06-06,-0.019353,-0.016037,-0.020847,-0.011065,-0.010873
2008-06-09,-0.035044,-0.032772,-0.036407,-0.024402,-0.029772
2008-06-10,-0.002210,-0.002978,-0.001336,-0.007474,-0.011626
2008-06-11,0.018266,0.014808,0.017752,0.014818,0.016400
2008-06-12,0.014871,0.010387,0.014736,0.015191,0.003867
2008-06-13,-0.007473,-0.008962,-0.008515,-0.010773,-0.003836
2008-06-16,0.014255,0.013178,0.018227,0.010751,0.011801
2008-06-17,0.030669,0.028810,0.029486,0.026549,0.020073
2008-06-18,-0.022009,-0.017773,-0.023908,-0.022112,-0.014635
2008-06-19,-0.024819,-0.023642,-0.024844,-0.021612,-0.018368
2008-06-20,-0.048637,-0.043312,-0.049488,-0.044838,-0.034998
2008-06-23,-0.050413,-0.047029,-0.050082,-0.042323,-0.025755
2008-06-24,-0.022199,-0.024699,-0.026627,-0.022569,-0.017864
2008-06-25,0.025243,0.023042,0.024679,0.022920,0.014527
2008-06-26,0.004785,0.004057,0.003881,0.009375,0.008778
2008-06-27,-0.043746,-0.041718,-0.045099,-0.042645,-0.038949
2008-06-30,-0.057834,-0.050810,-0.057725,-0.038356,-0.026719
2008-07-01,-0.055588,-0.057910,-0.069703,-0.049619,-0.040160
2008-07-02,0.059657,0.058160,0.068128,0.063247,0.047255
2008-07-03,-0.054184,-0.049209,-0.059230,-0.054033,-0.040376
2008-07-04,0.028002,0.023951,0.033541,0.039610,0.023250
2008-07-07,0.005879,0.005975,0.003041,0.002619,0.006004
2008-07-08,-0.014426,-0.012945,-0.010577,-0.006848,-0.005526
2008-07-09,0.051397,0.049007,0.055534,0.050587,0.043690
2008-07-10,0.003977,0.006238,0.005787,0.007196,0.002802
2008-07-11,-0.034021,-0.028718,-0.032675,-0.030696,-0.028253
2008-07-14,-0.007629,-0.004065,-0.000978,0.000772,-0.001799
2008-07-15,-0.040873,-0.039598,-0.046714,-0.044570,-0.043446
2008-07-16,-0.011306,-0.013378,-0.013328,-0.024993,-0.013634
2008-07-17,0.014106,0.015516,0.013960,0.024281,0.030086
2008-07-18,0.014544,0.016039,0.018959,0.039648,0.034160
2008-07-21,0.009423,0.013046,0.009433,0.003950,0.012180
2008-07-22,0.031809,0.026311,0.037287,0.040140,0.022598
2008-07-23,0.067656,0.067933,0.081470,0.080233,0.059998
2008-07-24,0.002993,0.000338,0.001760,-0.007571,-0.006098
2008-07-25,-0.011514,-0.005234,-0.007877,-0.026857,-0.020168
2008-07-28,0.003886,0.005071,0.006598,0.005229,0.006387
2008-07-29,-0.029712,-0.029106,-0.033452,-0.040722,-0.033205
2008-07-30,0.038661,0.031466,0.039341,0.043844,0.031886
2008-07-31,0.002693,-0.000355,0.004591,0.005558,0.004733
2008-08-01,0.026707,0.026603,0.029975,0.029389,0.021105
2008-08-04,0.025728,0.025151,0.028076,0.020220,0.004274
2008-08-05,0.002434,0.001579,-0.000571,0.014138,0.022772
2008-08-06,-0.020864,-0.018040,-0.024826,-0.018033,-0.001586
2008-08-07,0.004639,0.003820,0.003818,0.001645,-0.000072
2008-08-08,0.003411,0.004994,0.009297,0.002482,0.003189
2008-08-11,0.013990,0.013149,0.015582,0.023192,0.021144
2008-08-12,-0.017160,-0.018600,-0.016891,-0.018912,-0.013415
2008-08-13,-0.005154,-0.004304,-0.010863,-0.005266,-0.004841
2008-08-14,-0.018861,-0.018432,-0.023545,-0.031015,-0.023449
2008-08-18,-0.017110,-0.014423,-0.020650,-0.015747,-0.009695
2008-08-19,0.001829,0.003021,0.004807,0.000195,-0.006676
2008-08-20,0.014502,0.012825,0.015338,0.015726,0.011966
2008-08-21,-0.027706,-0.028122,-0.029547,-0.032949,-0.029638
2008-08-22,0.010557,0.007529,0.009614,0.014255,0.007415
2008-08-25,-0.004396,-0.002505,-0.004775,-0.003832,0.000729
2008-08-26,0.003766,0.001186,0.003013,0.002723,0.000133
2008-08-27,-0.013819,-0.011998,-0.016565,-0.012641,-0.010142
2008-08-28,-0.019287,-0.021052,-0.019351,-0.018266,-0.017402
2008-08-29,0.031502,0.031682,0.032908,0.039937,0.034055
2008-09-01,-0.002785,-0.000162,-0.001651,-0.000686,-0.000997
2008-09-02,0.018115,0.016139,0.015865,0.026939,0.032842
2008-09-04,-0.012274,-0.012008,-0.011850,-0.012905,-0.010246
2008-09-05,-0.024596,-0.020095,-0.021879,-0.027281,-0.021329
2008-09-08,0.019641,0.017197,0.017066,0.025400,0.025076
2008-09-09,-0.006286,-0.007505,-0.007454,-0.009410,-0.003849
2008-09-10,-0.020256,-0.020215,-0.024597,-0.012022,-0.015350
2008-09-11,-0.018752,-0.017951,-0.018108,-0.016564,-0.021976
2008-09-12,-0.018772,-0.016480,-0.020508,-0.010317,-0.015826
2008-09-15,-0.055175,-0.052065,-0.058903,-0.041787,-0.040323
2008-09-16,-0.008884,-0.006432,-0.006045,-0.007814,-0.004119
2008-09-17,-0.026700,-0.026357,-0.027115,-0.017910,-0.018710
2008-09-18,-0.009647,-0.009180,-0.008700,-0.005265,0.001451
2008-09-19,0.043871,0.041204,0.040224,0.041501,0.047474
2008-09-22,0.002378,0.004539,0.004816,0.001957,-0.003687
2008-09-23,-0.023176,-0.020876,-0.022231,-0.009537,-0.020277
2008-09-24,0.008174,0.007933,0.008810,0.008954,0.007074
2008-09-25,-0.016567,-0.018166,-0.017540,-0.012580,-0.010784
2008-09-26,-0.031530,-0.030956,-0.034279,-0.027015,-0.030470
2008-09-29,-0.043900,-0.041995,-0.049408,-0.034497,-0.037027
2008-09-30,0.007183,0.013216,0.011265,0.013552,0.017041
2008-10-01,0.005012,0.005650,0.001374,0.004719,0.008124
2008-10-03,-0.043304,-0.040943,-0.049254,-0.031487,-0.033012
2008-10-06,-0.085729,-0.089070,-0.096722,-0.063563,-0.058733
2008-10-07,-0.005945,-0.013444,-0.015341,-0.003730,-0.005764
2008-10-08,-0.032036,-0.035455,-0.041091,-0.020997,-0.033372
2008-10-10,-0.077779,-0.083993,-0.093076,-0.063195,-0.069215
2008-10-13,0.058080,0.052766,0.069906,0.035787,0.060581
2008-10-14,0.020333,0.023147,0.016514,0.020578,0.011149
2008-10-15,-0.066781,-0.065299,-0.073202,-0.045489,-0.049905
2008-10-16,-0.013936,-0.016787,-0.002073,-0.019805,-0.015908
2008-10-17,-0.055969,-0.057141,-0.065361,-0.040496,-0.051979
2008-10-20,0.015132,0.011128,0.003073,0.004708,0.011564
2008-10-21,0.042374,0.045431,0.047554,0.034702,0.034392
2008-10-22,-0.041156,-0.042406,-0.043319,-0.036385,-0.047456
2008-10-23,-0.058124,-0.052996,-0.058150,-0.049094,-0.039713
2008-10-24,-0.108453,-0.102592,-0.114589,-0.091450,-0.112704
2008-10-27,-0.042895,-0.048103,-0.047558,-0.041595,-0.030085
2008-10-28,0.065113,0.063711,0.072170,0.055450,0.061647
2008-10-29,-0.003852,0.000798,0.001948,-0.002699,0.002188
2008-10-31,0.074292,0.078164,0.077273,0.054183,0.063079
2008-11-03,0.062226,0.061634,0.083858,0.038672,0.053427
2008-11-04,0.041918,0.042476,0.061046,0.023950,0.035239
2008-11-05,-0.041391,-0.032626,-0.042982,-0.019104,-0.038661
2008-11-06,-0.033348,-0.032392,-0.039748,-0.021757,-0.031589
2008-11-07,0.034365,0.031654,0.035981,0.022145,0.026283
2008-11-10,0.064140,0.058793,0.070740,0.051840,0.056965
2008-11-11,-0.061054,-0.056802,-0.064663,-0.047388,-0.057789
2008-11-12,-0.027415,-0.030291,-0.030652,-0.019942,-0.027964
2008-11-14,-0.016902,-0.014692,-0.018525,-0.008886,-0.015916
2008-11-17,-0.030468,-0.027616,-0.039560,-0.009566,-0.011755
2008-11-18,-0.029814,-0.029432,-0.031312,-0.026202,-0.038266
2008-11-19,-0.020393,-0.027934,-0.030134,-0.012560,-0.018239
2008-11-20,-0.033616,-0.035208,-0.042547,-0.031024,-0.032959
2008-11-21,0.030320,0.025220,0.024679,0.022634,0.042306
2008-11-24,0.002662,0.004764,0.002899,0.006002,0.003838
2008-11-25,-0.012685,-0.011156,-0.006032,0.000706,-0.017137
2008-11-26,0.021439,0.020184,0.017805,0.023989,0.026538
2008-11-28,0.002477,0.004856,0.004606,0.007837,0.001377
2008-12-01,-0.020512,-0.019513,-0.022288,-0.025635,-0.021875
2008-12-02,-0.002421,-0.004868,-0.001373,-0.007553,-0.009171
2008-12-03,0.004954,0.004624,0.015639,-0.000411,0.005676
2008-12-04,0.047961,0.046009,0.055393,0.025240,0.045870
2008-12-05,-0.025668,-0.022712,-0.025520,-0.016713,-0.024567
2008-12-08,0.018707,0.015314,0.018807,0.016322,0.019832
2008-12-10,0.050412,0.047282,0.051184,0.028837,0.045478
2008-12-11,0.021700,0.023196,0.031348,0.005778,0.002110
2008-12-12,0.012388,0.008102,0.016155,-0.004582,0.002879
2008-12-15,0.033740,0.037735,0.039329,0.022039,0.023806
2008-12-16,0.012668,0.019577,0.015541,0.026612,0.024181
2008-12-17,-0.059378,-0.051376,-0.056421,-0.025855,-0.029606
2008-12-18,0.042760,0.041192,0.046784,0.027116,0.035363
2008-12-19,0.005860,0.008096,0.009932,0.004671,0.009345
2008-12-22,-0.009422,-0.007086,-0.007331,-0.009812,-0.011282
2008-12-23,-0.026331,-0.027371,-0.025926,-0.016365,-0.023395
2008-12-24,-0.021407,-0.018624,-0.021650,-0.009652,-0.013529
2008-12-26,-0.012632,-0.015012,-0.013883,-0.007041,-0.019617
2008-12-29,0.027352,0.024503,0.026989,0.022386,0.022674
2008-12-30,0.021126,0.020705,0.021689,0.012104,0.019629
2008-12-31,0.003769,0.004312,0.005919,0.002376,-0.004521
