symbol,series,isin,ex_date,kind,value,subject
SHRIRAMFIN,EQ,INE721A01013,2023-01-03,dividend,15.0,
SECURCRED,EQ,INE195Y01010,2023-01-04,bonus,0.25,Bonus 3:1
RAMASTEEL,EQ,INE230R01019,2023-01-06,bonus,0.2,Bonus 4:1
SPLPETRO,EQ,INE663A01025,2023-01-06,split,0.5,Face Value Split (Sub-Division) - From Rs 4/- Per Share To Rs 2/- Per Share
JETFREIGHT,EQ,INE982V01017,2023-01-11,rights,,Rights 1:1 @ Premium Rs 11.25/-
WELENT,EQ,INE625G01013,2023-01-11,dividend,7.5,
INDOWIND,EQ,INE227G01018,2023-01-13,rights,,Rights 2:5@ Premium Rs 2/-
RADIOCITY,EQ,INE919I01016,2023-01-13,scheme,,Scheme Of Arrangement - Bonus Ncrps 1:10
VISHNU,EQ,INE270I01014,2023-01-13,split,0.2,Face Value Split (Sub-Division) - From Rs 10/- Per Share To Rs 2/- Per Share
TCS,EQ,INE467B01029,2023-01-16,dividend,8.0,
TCS,EQ,INE467B01029,2023-01-16,dividend,67.0,
AARTISURF,EQ,INE09EO01013,2023-01-17,rights,,Rights 2:17 @ Premium Rs 545/-
KPIGREEN,EQ,INE542W01017,2023-01-18,bonus,0.5,Bonus 1:1
HCLTECH,EQ,INE860A01027,2023-01-19,dividend,10.0,
HERITGFOOD,EQ,INE978A01019,2023-01-20,rights,,Rights 1:1 @ Premium Rs 0/-
SHRADHA,EQ,INE715Y01015,2023-01-20,split,0.5,Face Value Split (Sub-Division) - From Rs 10/- Per Share To Rs 5/- Per Share
SHRADHA,EQ,INE715Y01015,2023-01-20,dividend,2.0,
GVPTECH,EQ,INE382T01030,2023-01-23,split,0.2,Face Value Split (Sub-Division) - From Rs 10/- Per Share To Rs 2/- Per Share
ANGELONE,EQ,INE732I01013,2023-01-24,dividend,9.6,
SHREMINVIT,IV,INE0GTI23014,2023-01-24,dividend,0.404,
WIPRO,EQ,INE075A01022,2023-01-24,dividend,1.0,
HAVELLS,EQ,INE176B01018,2023-01-25,dividend,3.0,
NATIONALUM,EQ,INE139A01026,2023-01-25,dividend,1.0,
PERSISTENT,EQ,INE262H01013,2023-01-25,dividend,28.0,
METROBRAND,EQ,INE317I01021,2023-01-27,dividend,2.5,
SURYAROSNI,EQ,INE335A01012,2023-01-27,dividend,3.0,
360ONE,EQ,INE466L01020,2023-01-30,dividend,17.0,
BANARBEADS,EQ,INE655B01011,2023-01-30,dividend,2.0,
HINDZINC,EQ,INE267A01017,2023-01-30,dividend,13.0,
PGINVIT,IV,INE0GGX23010,2023-01-30,dividend,0.43,
PGINVIT,IV,INE0GGX23010,2023-01-30,dividend,0.25,
CCL,EQ,INE421D01014,2023-01-31,dividend,3.0,
LTM,EQ,INE214T01019,2023-01-31,dividend,20.0,
RKFORGE,EQ,INE399G01015,2023-01-31,dividend,0.5,
SIEMENS,EQ,INE003A01024,2023-01-31,dividend,10.0,
WENDT,EQ,INE274C01019,2023-01-31,dividend,30.0,
DCMSHRIRAM,EQ,INE499A01024,2023-02-01,dividend,5.8,
EPIGRAL,EQ,INE071N01016,2023-02-01,dividend,2.5,
MASTEK,EQ,INE759A01021,2023-02-01,dividend,7.0,
THANGAMAYL,EQ,INE085J01014,2023-02-01,dividend,6.0,
ACCELYA,EQ,INE793A01012,2023-02-02,dividend,35.0,
SAREGAMA,EQ,INE979A01017,2023-02-02,dividend,3.0,
TVSMOTOR,EQ,INE494B01015,2023-02-02,dividend,5.0,
VIPIND,EQ,INE054A01019,2023-02-02,dividend,2.0,
COFORGE,EQ,INE591G01017,2023-02-03,dividend,19.0,
CONTROLPR,EQ,INE663B01015,2023-02-03,dividend,4.0,
EMBASSY,RR,INE041025011,2023-02-03,dividend,2.23,
IIFLCAPS,EQ,INE489L01022,2023-02-03,dividend,3.0,
KEI,EQ,INE878B01027,2023-02-03,dividend,3.0,
MOTILALOFS,EQ,INE338I01027,2023-02-03,dividend,7.0,
NTPC,EQ,INE733E01010,2023-02-03,dividend,4.25,
SERVOTECH,EQ,INE782X01017,2023-02-03,dividend,0.2,
SERVOTECH,EQ,INE782X01017,2023-02-03,split,0.2,Face Value Split (Sub-Division) - From Rs 10/- Per Share To Rs 2/- Per Share
STEELCAS,EQ,INE124E01020,2023-02-03,dividend,1.8,
TORNTPHARM,EQ,INE685A01028,2023-02-03,dividend,14.0,
TVSHLTD,EQ,INE105A01035,2023-02-03,dividend,59.0,
VAIBHAVGBL,EQ,INE884A01019,2023-02-03,dividend,1.5,
VEDL,EQ,INE205A01025,2023-02-03,dividend,12.5,
ZENSARTECH,EQ,INE520A01019,2023-02-03,dividend,1.5,
CONCOR,EQ,INE111A01017,2023-02-06,dividend,4.0,
MINDSPACE,RR,INE0CCU25019,2023-02-06,dividend,4.37,
PATELENG,EQ,INE244B01030,2023-02-06,rights,,Rights 1:2@ Premium Rs 11.60/-
SIYSIL,EQ,INE076B01010,2023-02-06,dividend,3.0,
SONACOMS,EQ,INE073K01018,2023-02-06,dividend,1.28,
APCOTEXIND,EQ,INE116A01016,2023-02-07,dividend,2.0,
IGL,EQ,INE203G01019,2023-02-07,dividend,3.0,
IIFL,EQ,INE530B01024,2023-02-07,dividend,4.0,
ROUTE,EQ,INE450U01017,2023-02-07,dividend,6.0,
SHARDACROP,EQ,INE221J01015,2023-02-07,dividend,3.0,
SRF,EQ,INE647A01010,2023-02-07,dividend,3.6,
TCI,EQ,INE688A01022,2023-02-07,dividend,2.5,
AARTIDRUGS,EQ,INE767A01016,2023-02-08,dividend,1.0,
ANURAS,EQ,INE930P01018,2023-02-08,dividend,0.6,
BIRLANU,EQ,INE557A01011,2023-02-08,dividend,20.0,
COALINDIA,EQ,INE522F01014,2023-02-08,dividend,5.25,
KAJARIACER,EQ,INE217B01028,2023-02-08,dividend,6.0,
MOIL,EQ,INE490G01020,2023-02-08,dividend,3.0,
PGHH,EQ,INE179A01014,2023-02-08,dividend,80.0,
POWERGRID,EQ,INE752E01010,2023-02-08,dividend,5.0,
RADIANTCMS,EQ,INE855R01021,2023-02-08,dividend,1.0,
RAILTEL,EQ,INE0DD101019,2023-02-08,dividend,1.5,
SHANTIGEAR,EQ,INE631A01022,2023-02-08,dividend,3.0,
SUNPHARMA,EQ,INE044A01028,2023-02-08,dividend,7.5,
TCIEXP,EQ,INE586V01016,2023-02-08,dividend,3.0,
GILLETTE,EQ,INE322A01010,2023-02-09,dividend,35.0,
GREENPANEL,EQ,INE08ZM01014,2023-02-09,dividend,1.5,
IMPAL,EQ,INE547E01014,2023-02-09,dividend,9.0,
ORIENTELEC,EQ,INE142Z01019,2023-02-09,dividend,0.75,
RECLTD,EQ,INE020B01018,2023-02-09,dividend,3.25,
ROML,EQ,INE294G01026,2023-02-09,rights,,Rights 1:1 @ Premium Rs 20/-
BEL,EQ,INE263A01016,2023-02-10,dividend,0.6,
CARBORUNIV,EQ,INE120A01026,2023-02-10,dividend,1.5,
CARERATING,EQ,INE752H01013,2023-02-10,dividend,10.0,
CHOLAFIN,EQ,INE121A01016,2023-02-10,dividend,1.3,
CLEAN,EQ,INE227W01023,2023-02-10,dividend,2.0,
GESHIP,EQ,INE017A01032,2023-02-10,dividend,7.2,
GPTINFRA,EQ,INE390G01014,2023-02-10,dividend,1.0,
JUBLINGREA,EQ,INE0BY001018,2023-02-10,dividend,2.5,
KPITTECH,EQ,INE04I401011,2023-02-10,dividend,1.45,
MASFIN,EQ,INE348L01012,2023-02-10,dividend,1.8,
NACLIND,EQ,INE295D01020,2023-02-10,dividend,0.15,
ORIENTCEM,EQ,INE876N01018,2023-02-10,dividend,0.5,
PCBL,EQ,INE602A01023,2023-02-10,dividend,5.5,
VALIANTORG,EQ,INE565V01010,2023-02-10,dividend,1.0,
EMAMILTD,EQ,INE548C01024,2023-02-13,dividend,4.0,
ENGINERSIN,EQ,INE510A01010,2023-02-13,dividend,2.0,
IDFC,EQ,INE043D01016,2023-02-13,dividend,11.0,
PGHL,EQ,INE199A01012,2023-02-13,dividend,45.0,
SUNTV,EQ,INE424H01027,2023-02-13,dividend,3.75,
TVTODAY,EQ,INE038F01029,2023-02-13,dividend,67.0,
GATEWAY,EQ,INE079J01017,2023-02-14,dividend,0.75,
HIKAL,EQ,INE475B01014,2023-02-14,dividend,0.6,
KPRMILL,EQ,INE930H01015,2023-02-14,dividend,2.0,
MGL,EQ,INE002S01010,2023-02-14,dividend,10.0,
TSFINV,EQ,INE202Z01029,2023-02-14,dividend,1.5,
WHEELS,EQ,INE715A01015,2023-02-14,dividend,3.0,
AARTIIND,EQ,INE769A01020,2023-02-15,dividend,1.0,
ACCURACY,EQ,INE648Z01015,2023-02-15,split,0.1,Face Value Split (Sub-Division) - From Rs 10/- Per Share To Re 1/- Per Share
BIRET,RR,INE0FDU25010,2023-02-15,dividend,0.1,
CAMS,EQ,INE596I01012,2023-02-15,dividend,10.5,
DALMIASUG,EQ,INE495A01022,2023-02-15,dividend,3.0,
ITC,EQ,INE154A01025,2023-02-15,dividend,6.0,
KOTHARIPET,EQ,INE720A01015,2023-02-15,dividend,0.5,
MANAPPURAM,EQ,INE522D01027,2023-02-15,dividend,0.75,
TIINDIA,EQ,INE974X01010,2023-02-15,dividend,2.0,
VCL,EQ,INE098201010,2023-02-15,split,0.5,Face Value Split (Sub-Division) - From Rs 2/- Per Share To Re 1/- Per Share
VERTIS,IV,INE0KXY23015,2023-02-15,dividend,1.3634,
CHAMBLFERT,EQ,INE085A01013,2023-02-16,dividend,4.5,
KOTARISUG,EQ,INE419A01022,2023-02-16,dividend,0.5,
MAANALU,EQ,INE215I01019,2023-02-16,dividend,1.0,
SHREECEM,EQ,INE070A01015,2023-02-16,dividend,45.0,
ALKEM,EQ,INE540L01014,2023-02-17,dividend,15.0,
ALKEM,EQ,INE540L01014,2023-02-17,dividend,25.0,
AUROPHARMA,EQ,INE406A01029,2023-02-17,dividend,3.0,
BALKRISIND,EQ,INE787D01018,2023-02-17,dividend,4.0,
BECTORFOOD,EQ,INE495P01012,2023-02-17,dividend,1.25,
BLS,EQ,INE153T01019,2023-02-17,dividend,0.5,
CANTABIL,EQ,INE068L01016,2023-02-17,dividend,2.0,
CGCL,EQ,INE180C01018,2023-02-17,rights,,Rights 11:64 @ Premium Rs 473/-
COROMANDEL,EQ,INE169A01023,2023-02-17,dividend,6.0,
DCW,EQ,INE500A01029,2023-02-17,dividend,0.2,
FSL,EQ,INE684F01012,2023-02-17,dividend,3.5,
HEROMOTOCO,EQ,INE158A01026,2023-02-17,dividend,65.0,
IOLCP,EQ,INE485C01011,2023-02-17,dividend,4.0,
IRCON,EQ,INE962Y01013,2023-02-17,dividend,1.8,
JBCHEPHARM,EQ,INE572A01028,2023-02-17,dividend,8.5,
JKPAPER,EQ,INE789E01012,2023-02-17,dividend,4.0,
KIRLFER,EQ,INE884B01025,2023-02-17,dividend,2.5,
MINDACORP,EQ,INE842C01013,2023-02-17,dividend,0.4,
NHPC,EQ,INE848E01016,2023-02-17,dividend,1.4,
PAGEIND,EQ,INE761H01022,2023-02-17,dividend,60.0,
RITES,EQ,INE320J01015,2023-02-17,dividend,6.0,
SAFARI,EQ,INE429E01023,2023-02-17,dividend,1.5,
SJVN,EQ,INE002L01015,2023-02-17,dividend,1.15,
SKYGOLD,EQ,INE01IU01018,2023-02-17,dividend,1.0,
SUNDARMFIN,EQ,INE660A01013,2023-02-17,dividend,12.0,
BDL,EQ,INE171Z01018,2023-02-20,dividend,8.15,
ESABINDIA,EQ,INE284A01012,2023-02-20,dividend,28.0,
GALAXYSURF,EQ,INE600K01018,2023-02-20,dividend,18.0,
GRSE,EQ,INE382Z01011,2023-02-20,dividend,5.5,
KPIGREEN,EQ,INE542W01017,2023-02-20,dividend,0.2,
SBCL,EQ,INE386D01027,2023-02-20,dividend,0.5,
SHRIPISTON,EQ,INE526E01018,2023-02-20,dividend,10.0,
STEELCITY,EQ,INE395H01011,2023-02-20,dividend,1.0,
TDPOWERSYS,EQ,INE419M01019,2023-02-20,dividend,0.5,
UNOMINDA,EQ,INE405E01023,2023-02-20,dividend,0.5,
AEROENTER,EQ,INE065D01027,2023-02-21,dividend,0.1,
AVTNPL,EQ,INE488D01013,2023-02-21,dividend,0.4,
CUMMINSIND,EQ,INE298A01020,2023-02-21,dividend,12.0,
INTERISE,IV,INE790Z23019,2023-02-21,dividend,0.44,
JSWDULUX,EQ,INE133A01011,2023-02-21,dividend,25.0,
MRF,EQ,INE883A01011,2023-02-21,dividend,3.0,
NATCOPHARM,EQ,INE987B01018,2023-02-21,dividend,1.25,
VISHWARAJ,EQ,INE430N01014,2023-02-21,dividend,0.1,
BALRAMCHIN,EQ,INE119A01028,2023-02-22,dividend,2.5,
BOSCHLTD,EQ,INE323A01026,2023-02-22,dividend,200.0,
COCHINSHIP,EQ,INE704P01017,2023-02-22,dividend,7.0,
DCMSRIND,EQ,INE843D01027,2023-02-22,dividend,1.0,
GOLDIAM,EQ,INE025B01017,2023-02-22,dividend,2.0,
HERCULES,EQ,INE688E01024,2023-02-22,dividend,0.5,
IRB,EQ,INE821I01014,2023-02-22,split,0.1,Face Value Split (Sub-Division) - From Rs 10/- Per Share To Re 1/- Per Share
IRCTC,EQ,INE335Y01012,2023-02-22,dividend,3.5,
MSTCLTD,EQ,INE255X01014,2023-02-22,dividend,6.3,
OIL,EQ,INE274J01014,2023-02-22,dividend,10.0,
TORNTPOWER,EQ,INE813H01021,2023-02-22,dividend,9.0,
TORNTPOWER,EQ,INE813H01021,2023-02-22,dividend,13.0,
TOTAL,EQ,INE336X01012,2023-02-22,dividend,0.75,
UNIDT,EQ,INE961D01019,2023-02-22,dividend,0.6,
VEEDOL,EQ,INE484C01030,2023-02-22,dividend,10.0,
KIRLOSENG,EQ,INE146L01010,2023-02-23,dividend,2.5,
METROPOLIS,EQ,INE112L01020,2023-02-23,dividend,8.0,
NCLIND,EQ,INE732C01016,2023-02-23,dividend,1.5,
SUPRAJIT,EQ,INE399C01030,2023-02-23,dividend,1.05,
AMRUTANJAN,EQ,INE098F01015,2023-02-24,dividend,1.0,
APOLLOHOSP,EQ,INE437A01016,2023-02-24,dividend,6.0,
BANCOINDIA,EQ,INE213C01025,2023-02-24,dividend,8.0,
BEML,EQ,INE258A01016,2023-02-24,dividend,5.0,
CESC,EQ,INE486A01013,2023-02-24,dividend,4.5,
CPCAP,EQ,INE521J01018,2023-02-24,dividend,1.0,
INDNIPPON,EQ,INE092B01017,2023-02-24,dividend,9.25,
INSECTICID,EQ,INE070I01018,2023-02-24,dividend,3.0,
NLCINDIA,EQ,INE589A01014,2023-02-24,dividend,1.5,
NMDC,EQ,INE584A01023,2023-02-24,dividend,3.75,
ONGC,EQ,INE213A01011,2023-02-24,dividend,4.0,
PFC,EQ,INE134E01011,2023-02-24,dividend,3.5,
PIIND,EQ,INE603J01014,2023-02-24,dividend,4.5,
PITTIENG,EQ,INE450D01021,2023-02-24,dividend,1.5,
POLYPLEX,EQ,INE633B01018,2023-02-24,dividend,30.0,
PRECWIRE,EQ,INE372C01011,2023-02-24,dividend,0.3,
SANDESH,EQ,INE583B01015,2023-02-24,dividend,5.0,
SATIA,EQ,INE170E01015,2023-02-24,dividend,0.2,
TALBROAUTO,EQ,INE187D01011,2023-02-24,dividend,1.0,
TMB,EQ,INE668A01016,2023-02-24,dividend,5.0,
UNIPARTS,EQ,INE244O01017,2023-02-24,dividend,8.25,
VINNY,EQ,INE01KI01019,2023-02-24,split,0.1,Face Value Split (Sub-Division) - From Rs 10/- Per Share To Re 1/- Per Share
VINNY,EQ,INE01KI01019,2023-02-24,bonus,0.43478260869565216,Bonus 13:10
SHAREINDIA,EQ,INE932X01018,2023-02-28,rights,,Rights 1:50 @ Premium Rs 690/- With 17 Warrants For 50 Equity Shares
UJJIVANSFB,EQ,INE551W01018,2023-03-01,dividend,0.75,
360ONE,EQ,INE466L01020,2023-03-02,bonus,0.5,Bonus 1:1
360ONE,EQ,INE466L01020,2023-03-02,split,0.5,Face Value Split (Sub-Division) - From Rs 2/- Per Share To Re 1/- Per Share
KSOLVES,EQ,INE0D6I01015,2023-03-03,dividend,3.0,
HGS,EQ,INE170I01016,2023-03-06,dividend,2.5,
GOKULAGRO,EQ,INE314T01025,2023-03-08,rights,,Rights 1:32 @ Premium Rs 90/-
MARICO,EQ,INE196A01026,2023-03-08,dividend,4.5,
OSIAHYPER,EQ,INE06IR01013,2023-03-13,split,0.1,Face Value Split (Sub-Division) - From Rs 10/- Per Share To Re 1/- Per Share
ASTRAL,EQ,INE006I01012,2023-03-14,bonus,0.75,Bonus 1:3
ALLCARGO,EQ,INE418H01029,2023-03-15,dividend,3.25,
CGPOWER,EQ,INE067A01029,2023-03-15,dividend,1.5,
DICIND,EQ,INE303A01010,2023-03-15,dividend,2.0,
MEDICO,EQ,INE630Y01016,2023-03-16,split,0.2,Face Value Split (Sub-Division) - From Rs 10/- Per Share To Rs 2/- Per Share
SBILIFE,EQ,INE123W01016,2023-03-16,dividend,2.5,
HITECH,EQ,INE106T01017,2023-03-17,split,0.1,Face Value Split (Sub-Division) - From Rs 10/- Per Share To Re 1/- Per Share
HAL,EQ,INE066F01012,2023-03-20,dividend,20.0,
UJJIVAN,EQ,INE334L01012,2023-03-20,dividend,5.0,
GAIL,EQ,INE129A01019,2023-03-21,dividend,4.0,
HUDCO,EQ,INE031A07873,2023-03-21,dividend,0.75,
KDDL,EQ,INE291D01011,2023-03-21,dividend,2.0,
NATIONALUM,EQ,INE139A01026,2023-03-21,dividend,2.5,
PODDARMENT,EQ,INE371C01013,2023-03-21,dividend,3.5,
SUNTV,EQ,INE424H01027,2023-03-21,dividend,2.5,
MIDHANI,EQ,INE099Z01011,2023-03-23,dividend,1.68,
ABSLAMC,EQ,INE404A01024,2023-03-24,dividend,5.0,
ALIVUS,EQ,INE03Q201024,2023-03-24,dividend,21.0,
BEL,EQ,INE263A01016,2023-03-24,dividend,0.6,
SAIL,EQ,INE114A01011,2023-03-24,dividend,1.0,
STYRENIX,EQ,INE189B01011,2023-03-24,dividend,80.0,
BCONCEPTS,EQ,INE977Y01011,2023-03-29,dividend,0.5,
HINDZINC,EQ,INE267A01017,2023-03-29,dividend,26.0,
MIRZAINT,EQ,INE771A01026,2023-03-29,scheme,,Demerger
SBICARD,EQ,INE018E01016,2023-03-29,dividend,2.5,
SEPC,EQ,INE964H01014,2023-03-29,rights,,Rights 2:53 @ Premium Rs 0/-
ANGELONE,EQ,INE732I01013,2023-03-31,dividend,9.6,
CRISIL,EQ,INE007A01017,2023-03-31,dividend,23.0,
DWARKESH,EQ,INE366A01033,2023-03-31,dividend,2.0,
IGL,EQ,INE203G01019,2023-03-31,dividend,10.0,
SCI,EQ,INE109A01011,2023-03-31,scheme,,Demerger
PNBHOUSING,EQ,INE572E01012,2023-04-05,rights,,Rights 29:54@ Premium Rs 265/-
GHCL,EQ,INE539A01019,2023-04-06,scheme,,Demerger
RVNL,EQ,INE415G01027,2023-04-06,dividend,1.77,
UNITEDTEA,EQ,INE458F01011,2023-04-06,dividend,1.0,
VEDL,EQ,INE205A01025,2023-04-06,dividend,20.5,
DEEPINDS,EQ,INE0FHS01016,2023-04-10,split,0.5,Face Value Split (Sub-Division) - From Rs 10/- Per Share To Rs 5/- Per Share
SCHAEFFLER,EQ,INE513A01014,2023-04-11,dividend,24.0,
VBL,EQ,INE200M01013,2023-04-12,dividend,1.0,
VISAKAIND,EQ,INE392A01013,2023-04-12,dividend,7.0,
BRITANNIA,EQ,INE216A01014,2023-04-13,dividend,72.0,
EDELWEISS,EQ,INE532F01047,2023-04-13,dividend,0.25,
GOODLUCK,EQ,INE127I01024,2023-04-13,dividend,2.0,
RUSHIL,EQ,INE573K01017,2023-04-13,rights,,Rights 1:3 @ Premium Rs 152/-
SDBL,EQ,INE480C01012,2023-04-13,rights,,Rights 10:211@ Premium Rs 135/-
ALLCARGO,EQ,INE418H01029,2023-04-18,scheme,,Demerger
DHAMPURSUG,EQ,INE041A01016,2023-04-18,dividend,5.0,
DHAMPURSUG,EQ,INE041A01016,2023-04-18,dividend,1.0,
MUTHOOTFIN,EQ,INE414G01012,2023-04-18,dividend,22.0,
TPHQ,EQ,INE065J01016,2023-04-18,rights,,Rights 11:8 @ Premium Rs 0/-
HUHTAMAKI,EQ,INE275B01026,2023-04-20,dividend,2.0,
THYROCARE,EQ,INE594H01019,2023-04-20,dividend,18.0,
EIDPARRY,EQ,INE126A01023,2023-04-21,dividend,4.0,
MOLDTECH,EQ,INE835B01035,2023-04-21,dividend,2.0,
MOLDTKPAC,EQ,INE893J01011,2023-04-21,dividend,4.0,
NESTLEIND,EQ,INE239A01016,2023-04-21,dividend,75.0,
NESTLEIND,EQ,INE239A01016,2023-04-21,dividend,27.0,
TIPSMUSIC,EQ,INE716B01029,2023-04-21,split,0.1,Face Value Split (Sub-Division) - From Rs 10/- Per Share To Re 1/- Per Share
GOYALALUM,EQ,INE705X01018,2023-04-25,split,0.1,Face Value Split (Sub-Division) - From Rs 10/- Per Share To Re 1/- Per Share
VESUVIUS,EQ,INE386A01015,2023-04-26,dividend,8.25,
ABB,EQ,INE117A01022,2023-04-27,dividend,5.5,
HCLTECH,EQ,INE860A01027,2023-04-28,dividend,18.0,
JSL,EQ,INE220G01021,2023-04-28,dividend,1.0,
KSB,EQ,INE999A01015,2023-04-28,dividend,15.0,
SANOFI,EQ,INE058A01010,2023-04-28,dividend,194.0,
SANOFI,EQ,INE058A01010,2023-04-28,dividend,183.0,
APOLLO,EQ,INE713T01010,2023-05-04,split,0.1,Face Value Split (Sub-Division) - From Rs 10/- Per Share To Re 1/- Per Share
CASTROLIND,EQ,INE172A01027,2023-05-04,dividend,3.5,
CRISIL,EQ,INE007A01017,2023-05-04,dividend,7.0,
EMBASSY,RR,INE041025011,2023-05-04,dividend,2.81,
OFSS,EQ,INE881D01027,2023-05-09,dividend,225.0,
RKFORGE,EQ,INE399G01015,2023-05-09,dividend,0.5,
COFORGE,EQ,INE591G01017,2023-05-10,dividend,19.0,
LAURUSLABS,EQ,INE947Q01010,2023-05-10,dividend,1.2,
MINDSPACE,RR,INE0CCU25019,2023-05-10,dividend,4.37,
INDIAMART,EQ,INE933S01016,2023-05-11,dividend,20.0,
KKCL,EQ,INE401H01017,2023-05-11,dividend,2.0,
SIRCA,EQ,INE792Z01011,2023-05-11,bonus,0.5,Bonus 1:1
360ONE,EQ,INE466L01020,2023-05-12,dividend,4.0,
APTUS,EQ,INE852O01025,2023-05-12,dividend,2.0,
AURIGROW,EQ,INE925Y01036,2023-05-12,rights,,Rights 2:1 @ Premium Rs 0/-
SHREMINVIT,IV,INE0GTI23014,2023-05-12,dividend,1.1194,
ANURAS,EQ,INE930P01018,2023-05-15,dividend,1.5,
SULA,EQ,INE142Q01026,2023-05-15,dividend,5.25,
TATACOFFEE,EQ,INE493A01019,2023-05-15,dividend,3.0,
VISAKAIND,EQ,INE392A01013,2023-05-15,split,0.2,Face Value Split (Sub-Division) - From Rs 10/- Per Share To Rs 2/- Per Share
GMBREW,EQ,INE075D01018,2023-05-16,dividend,6.0,
HDFC,EQ,INE001A01028,2023-05-16,dividend,44.0,
HDFCBANK,EQ,INE040A01018,2023-05-16,dividend,19.0,
SUNDRMFAST,EQ,INE387A01021,2023-05-16,dividend,3.06,
FOSECOIND,EQ,INE519A01011,2023-05-17,dividend,25.0,
FOSECOIND,EQ,INE519A01011,2023-05-17,dividend,15.0,
INDIGRID,IV,INE219X23014,2023-05-18,dividend,0.2848,
ADVENZYMES,EQ,INE837H01012,2023-05-19,dividend,4.0,
ALICON,EQ,INE062D01024,2023-05-19,dividend,2.5,
COLPAL,EQ,INE259A01022,2023-05-19,dividend,21.0,
HOMEFIRST,EQ,INE481N01025,2023-05-19,dividend,2.6,
JMFINANCIL,EQ,INE780C01023,2023-05-19,dividend,0.9,
MANINFRA,EQ,INE949H01015,2023-05-19,dividend,0.36,
RAIN,EQ,INE855B01025,2023-05-19,dividend,1.0,
SRPL,EQ,INE008Z01012,2023-05-19,split,0.1,Face Value Split (Sub-Division) - From Rs 10/- Per Share To Re 1/- Per Share
TATACONSUM,EQ,INE192A01025,2023-05-19,dividend,8.45,
MAHABANK,EQ,INE457A01014,2023-05-23,dividend,1.3,
GESHIP,EQ,INE017A01032,2023-05-24,dividend,9.0,
MANAPPURAM,EQ,INE522D01027,2023-05-24,dividend,0.75,
ROSSARI,EQ,INE02A801020,2023-05-24,dividend,0.5,
KANSAINER,EQ,INE531A01016,2023-05-25,dividend,2.7,
KENNAMET,EQ,INE717A01029,2023-05-25,dividend,20.0,
TRENT,EQ,INE849A01012,2023-05-25,dividend,2.2,
PGIL,EQ,INE940H01014,2023-05-26,dividend,5.0,
RADHIKAJWE,EQ,INE583V01013,2023-05-26,split,0.2,Face Value Split (Sub-Division) - From Rs 10/- Per Share To Rs 2/- Per Share
VERTIS,IV,INE0KXY23015,2023-05-26,dividend,0.2958,
VSSL,EQ,INE050M01012,2023-05-26,bonus,0.5,Bonus 1:1
ANANDRATHI,EQ,INE463V01026,2023-05-29,dividend,7.0,
IRB,EQ,INE821I01014,2023-05-29,dividend,0.075,
MMFL,EQ,INE227C01017,2023-05-29,dividend,6.0,
ITC,EQ,INE154A01025,2023-05-30,dividend,6.75,
ITC,EQ,INE154A01025,2023-05-30,dividend,2.75,
PRAXIS,EQ,INE546Y01022,2023-05-30,rights,,Rights 13:20 @ Premium Rs 5/-
RALLIS,EQ,INE613A01012,2023-05-30,dividend,2.5,
SHREERAMA,EQ,INE879A01019,2023-05-30,rights,,Rights 11:10@ Premium Rs 4/-
VEDL,EQ,INE205A01025,2023-05-30,dividend,18.5,
ADVANIHOTR,EQ,INE199C01026,2023-05-31,dividend,1.4,
DBCORP,EQ,INE950I01011,2023-05-31,dividend,3.0,
LODHA,EQ,INE670K01029,2023-05-31,bonus,0.5,Bonus 1:1
SBIN,EQ,INE062A01012,2023-05-31,dividend,11.3,
APTECHT,EQ,INE266F01018,2023-06-01,dividend,6.0,
DIL,EQ,INE411Y01011,2023-06-01,rights,,Rights 3:7 @ Premium Rs 5/-
SHREECEM,EQ,INE070A01015,2023-06-01,dividend,55.0,
SIL,EQ,INE173A01025,2023-06-01,dividend,0.8,
TRIDENT,EQ,INE064C01014,2023-06-01,dividend,0.36,
CIEINDIA,EQ,INE536H01010,2023-06-02,dividend,2.5,
EDELWEISS,EQ,INE532F01047,2023-06-02,scheme,,Demerger
HAVELLS,EQ,INE176B01018,2023-06-02,dividend,4.5,
INDUSINDBK,EQ,INE095A01012,2023-06-02,dividend,14.0,
INFY,EQ,INE009A01021,2023-06-02,dividend,17.5,
JSWENERGY,EQ,INE121E01018,2023-06-02,dividend,2.0,
NECCLTD,EQ,INE553C01016,2023-06-02,rights,,Rights 9:10 @ Premium Rs 8/-
PAGEIND,EQ,INE761H01022,2023-06-02,dividend,60.0,
STEELCAS,EQ,INE124E01020,2023-06-02,dividend,3.15,
HARDWYN,EQ,INE626Z01011,2023-06-05,bonus,0.75,Bonus 1:3
HARDWYN,EQ,INE626Z01011,2023-06-05,split,0.1,Face Value Split (Sub-Division) - From Rs 10/- Per Share To Re 1/- Per Share
SHYAMMETL,EQ,INE810G01011,2023-06-05,dividend,1.8,
SKMEGGPROD,EQ,INE411D01015,2023-06-05,dividend,2.0,
NELCO,EQ,INE045B01015,2023-06-06,dividend,2.0,
PRIMESECU,EQ,INE032B01021,2023-06-06,dividend,0.5,
MARKSANS,EQ,INE750C01026,2023-06-07,dividend,0.5,
OPTIEMUS,EQ,INE350C01017,2023-06-07,dividend,1.5,
SESHAPAPER,EQ,INE630A01016,2023-06-07,dividend,6.0,
TATAPOWER,EQ,INE245A01013,2023-06-07,dividend,2.0,
UNIPARTS,EQ,INE244O01017,2023-06-07,dividend,6.0,
BIKAJI,EQ,INE00E101023,2023-06-08,dividend,0.75,
NIITLTD,EQ,INE161A01038,2023-06-08,scheme,,Demerger
PONNIERODE,EQ,INE838E01017,2023-06-08,dividend,6.5,
ASIANPAINT,EQ,INE021A01018,2023-06-09,dividend,21.25,
BEPL,EQ,INE922A01025,2023-06-09,dividend,1.0,
BEPL,EQ,INE922A01025,2023-06-09,dividend,14.0,
CAPLIPOINT,EQ,INE475E01018,2023-06-09,dividend,2.0,
CIGNITITEC,EQ,INE675C01017,2023-06-09,dividend,3.0,
CIGNITITEC,EQ,INE675C01017,2023-06-09,dividend,2.5,
DYNAMATECH,EQ,INE221B01012,2023-06-09,dividend,7.0,
ELECON,EQ,INE205B01023,2023-06-09,dividend,2.0,
HDFCAMC,EQ,INE127D01025,2023-06-09,dividend,48.0,
HSCL,EQ,INE019C01026,2023-06-09,dividend,0.25,
INDHOTEL,EQ,INE053A01029,2023-06-09,dividend,1.0,
NFL,EQ,INE870D01012,2023-06-09,dividend,1.53,
NRBBEARING,EQ,INE349A01021,2023-06-09,dividend,4.1,
SOLARINDS,EQ,INE343H01011,2023-06-09,dividend,8.0,
VOLTAS,EQ,INE226A01021,2023-06-09,dividend,4.25,
APCOTEXIND,EQ,INE116A01016,2023-06-12,dividend,3.5,
CYIENT,EQ,INE136B01020,2023-06-12,dividend,16.0,
ICICIGI,EQ,INE765G01017,2023-06-12,dividend,5.5,
INDIANB,EQ,INE562A01011,2023-06-12,dividend,8.6,
IONEXCHANG,EQ,INE570A01014,2023-06-12,split,0.1,Face Value Split (Sub-Division) - From Rs 10/- Per Share To Re 1/- Per Share
RIIL,EQ,INE046A01015,2023-06-12,dividend,3.5,
TATAINVEST,EQ,INE672A01018,2023-06-12,dividend,48.0,
JINDALSAW,EQ,INE324A01024,2023-06-13,dividend,3.0,
CANBK,EQ,INE476A01014,2023-06-14,dividend,12.0,
SHANKARA,EQ,INE274V01019,2023-06-14,dividend,2.5,
TATACHEM,EQ,INE092A01019,2023-06-14,dividend,17.5,
UDAICEMENT,EQ,INE225C01029,2023-06-14,rights,,Rights 4:5 @ Premium Rs 14/-
DCBBANK,EQ,INE503A01015,2023-06-15,dividend,1.25,
DJML,EQ,INE0B1K01014,2023-06-15,dividend,0.15,
TCS,EQ,INE467B01029,2023-06-15,dividend,24.0,
VAKRANGEE,EQ,INE051B01021,2023-06-15,scheme,,Demerger
VBL,EQ,INE200M01013,2023-06-15,split,0.5,Face Value Split (Sub-Division) - From Rs 10/- Per Share To Rs 5/- Per Share
VISAKAIND,EQ,INE392A01013,2023-06-15,dividend,0.6,
ANGELONE,EQ,INE732I01013,2023-06-16,dividend,4.0,
EIMCOELECO,EQ,INE158B01016,2023-06-16,dividend,5.0,
GLOBAL,EQ,INE291W01011,2023-06-16,dividend,1.0,
HDFCLIFE,EQ,INE795G01014,2023-06-16,dividend,1.9,
PEL,EQ,INE140A01024,2023-06-16,dividend,31.0,
PFC,EQ,INE134E01011,2023-06-16,dividend,4.5,
SHRIRAMFIN,EQ,INE721A01013,2023-06-16,dividend,20.0,
SMCGLOBAL,EQ,INE103C01036,2023-06-16,dividend,1.2,
TORNTPOWER,EQ,INE813H01021,2023-06-16,dividend,4.0,
WELCORP,EQ,INE191B01025,2023-06-16,dividend,5.0,
CRAFTSMAN,EQ,INE00LO01017,2023-06-19,dividend,11.25,
HINDUNILVR,EQ,INE030A01027,2023-06-19,dividend,22.0,
BANKINDIA,EQ,INE084A01016,2023-06-20,dividend,2.0,
BLUESTARCO,EQ,INE472A01039,2023-06-20,bonus,0.5,Bonus 1:1
CEATLTD,EQ,INE482A01020,2023-06-20,dividend,12.0,
CERA,EQ,INE739E01017,2023-06-20,dividend,50.0,
EPIGRAL,EQ,INE071N01016,2023-06-20,dividend,2.5,
MOL,EQ,INE0CT101020,2023-06-20,dividend,1.4,
NEWGEN,EQ,INE619B01017,2023-06-20,dividend,5.0,
SAGCEM,EQ,INE229C01013,2023-06-20,dividend,0.7,
GULPOLY,EQ,INE255D01016,2023-06-21,bonus,0.8333333333333334,Bonus 1:5
INDIAMART,EQ,INE933S01016,2023-06-21,bonus,0.5,Bonus 1:1
OBEROIRLTY,EQ,INE093I01010,2023-06-21,dividend,4.0,
POLYCAB,EQ,INE455K01017,2023-06-21,dividend,20.0,
SHREDIGCEM,EQ,INE232A01011,2023-06-21,dividend,2.5,
SUPREMEIND,EQ,INE195A01010,2023-06-21,dividend,20.0,
VIMTALABS,EQ,INE579C01029,2023-06-21,dividend,2.0,
AKI,EQ,INE642Z01018,2023-06-22,split,0.2,Face Value Split (Sub-Division) - From Rs 10/- Per Share To Rs 2/- Per Share
EMUDHRA,EQ,INE01QM01018,2023-06-22,dividend,1.25,
RAINBOW,EQ,INE961O01016,2023-06-22,dividend,3.0,
TATAELXSI,EQ,INE670A01012,2023-06-22,dividend,60.6,
TATASTEEL,EQ,INE081A01012,2023-06-22,dividend,3.6,
DALBHARAT,EQ,INE00R701025,2023-06-23,dividend,5.0,
DBOL,EQ,INE0I3401014,2023-06-23,dividend,3.5,
GHCL,EQ,INE539A01019,2023-06-23,dividend,17.5,
PNB,EQ,INE160A01014,2023-06-23,dividend,0.65,
RAYMOND,EQ,INE301A01014,2023-06-23,dividend,3.0,
SHRIPISTON,EQ,INE526E01018,2023-06-23,dividend,5.0,
TORNTPHARM,EQ,INE685A01028,2023-06-23,dividend,8.0,
TATACOMM,EQ,INE151A01013,2023-06-26,dividend,21.0,
ANANTRAJ,EQ,INE242C01024,2023-06-27,dividend,0.5,
SPLPETRO,EQ,INE663A01025,2023-06-27,dividend,7.0,
THANGAMAYL,EQ,INE085J01014,2023-06-27,dividend,6.0,
WELSPUNLIV,EQ,INE192B01031,2023-06-27,dividend,0.1,
SKFINDIA,EQ,INE640A01023,2023-06-28,dividend,40.0,
AEGISLOG,EQ,INE208C01025,2023-06-30,dividend,1.25,
BAJAJ-AUTO,EQ,INE917I01010,2023-06-30,dividend,140.0,
BAJAJFINSV,EQ,INE918I01018,2023-06-30,dividend,0.8,
BAJAJHLDNG,EQ,INE118A01012,2023-06-30,dividend,13.0,
BAJFINANCE,EQ,INE296A01016,2023-06-30,dividend,30.0,
BANKBARODA,EQ,INE028A01013,2023-06-30,dividend,5.5,
CANFINHOME,EQ,INE477A01012,2023-06-30,dividend,2.0,
ESCORTS,EQ,INE042A01014,2023-06-30,dividend,7.0,
GLAXO,EQ,INE159A01016,2023-06-30,dividend,32.0,
GREENLAM,EQ,INE544R01013,2023-06-30,dividend,1.5,
HITECHCORP,EQ,INE120D01012,2023-06-30,dividend,1.0,
KUANTUM,EQ,INE529I01013,2023-06-30,dividend,3.0,
MAHSCOOTER,EQ,INE288A01013,2023-06-30,dividend,60.0,
NAM-INDIA,EQ,INE298J01013,2023-06-30,dividend,7.5,
NILKAMAL,EQ,INE310A01015,2023-06-30,dividend,20.0,
SONACOMS,EQ,INE073K01018,2023-06-30,dividend,1.53,
SYNGENE,EQ,INE398R01022,2023-06-30,dividend,0.5,
SYNGENE,EQ,INE398R01022,2023-06-30,dividend,0.75,
VAIBHAVGBL,EQ,INE884A01019,2023-06-30,dividend,1.5,
WELENT,EQ,INE625G01013,2023-06-30,dividend,1.0,
BALAMINES,EQ,INE050E01019,2023-07-03,dividend,10.0,
GEOJITFSL,EQ,INE007B01023,2023-07-03,dividend,1.5,
JYOTHYLAB,EQ,INE668F01031,2023-07-03,dividend,3.0,
TSFINV,EQ,INE202Z01029,2023-07-03,dividend,1.5,
TSFINV,EQ,INE202Z01029,2023-07-03,dividend,1.0,
ALKYLAMINE,EQ,INE150B01013,2023-07-04,dividend,10.0,
KANSAINER,EQ,INE531A01016,2023-07-04,bonus,0.6666666666666666,Bonus 1:2
MOTILALOFS,EQ,INE338I01027,2023-07-04,dividend,3.0,
NATHBIOGEN,EQ,INE448G01010,2023-07-04,dividend,2.0,
PSB,EQ,INE608A01012,2023-07-04,dividend,0.48,
SUNDROP,EQ,INE209A01019,2023-07-04,dividend,3.0,
VEEDOL,EQ,INE484C01030,2023-07-04,dividend,15.0,
BEPL,EQ,INE922A01025,2023-07-05,bonus,0.6666666666666666,Bonus 1:2
MPHASIS,EQ,INE356A01018,2023-07-05,dividend,50.0,
SADHNANIQ,EQ,INE888C01040,2023-07-05,bonus,0.8181818181818182,Bonus 2:9
SUNDARMFIN,EQ,INE660A01013,2023-07-05,dividend,15.0,
IDBI,EQ,INE008A01015,2023-07-06,dividend,1.0,
KPIL,EQ,INE220B01022,2023-07-06,dividend,7.0,
SRPL,EQ,INE008Z01012,2023-07-06,rights,,Rights 1:1 @ Premium Rs 1.30/-
ACC,EQ,INE012A01025,2023-07-07,dividend,9.25,
ADANIENT,EQ,INE423A01024,2023-07-07,dividend,1.2,
AERONEU,EQ,INE035801013,2023-07-07,dividend,0.5,
AMBUJACEM,EQ,INE079A01024,2023-07-07,dividend,2.5,
ASHOKLEY,EQ,INE208A01029,2023-07-07,dividend,2.6,
ATGL,EQ,INE399L01023,2023-07-07,dividend,0.25,
AXISBANK,EQ,INE238A01026,2023-07-07,dividend,1.0,
BHARATFORG,EQ,INE465A01025,2023-07-07,dividend,5.5,
BIOCON,EQ,INE376G01013,2023-07-07,dividend,1.5,
CARERATING,EQ,INE752H01013,2023-07-07,dividend,7.0,
CARERATING,EQ,INE752H01013,2023-07-07,dividend,8.0,
CORALFINAC,EQ,INE558D01013,2023-07-07,dividend,0.3,
CROMPTON,EQ,INE299U01018,2023-07-07,dividend,3.0,
DELTACORP,EQ,INE124G01033,2023-07-07,dividend,1.25,
HAPPSTMNDS,EQ,INE419U01012,2023-07-07,dividend,3.4,
JAYAGROGN,EQ,INE785A01026,2023-07-07,dividend,5.0,
LTTS,EQ,INE010V01017,2023-07-07,dividend,30.0,
MAWANASUG,EQ,INE636A01039,2023-07-07,dividend,3.0,
NAVINFLUOR,EQ,INE048G01018,2023-07-07,dividend,7.0,
NH,EQ,INE410P01011,2023-07-07,dividend,2.5,
NUCLEUS,EQ,INE096B01018,2023-07-07,dividend,10.0,
PRESSMN,EQ,INE980A01023,2023-07-07,dividend,1.0,
REDINGTON,EQ,INE891D01018,2023-07-07,dividend,7.2,
ROTO,EQ,INE535D01029,2023-07-07,dividend,3.15,
ROTO,EQ,INE535D01029,2023-07-07,bonus,0.5,Bonus 1:1
SHRADHA,EQ,INE715Y01015,2023-07-07,dividend,0.25,
SWARAJENG,EQ,INE277A01016,2023-07-07,dividend,92.0,
ZFCVINDIA,EQ,INE342J01019,2023-07-07,dividend,13.0,
LTM,EQ,INE214T01019,2023-07-10,dividend,40.0,
ONWARDTEC,EQ,INE229A01017,2023-07-10,dividend,3.0,
AEROENTER,EQ,INE065D01027,2023-07-11,dividend,0.1,
BALKRISIND,EQ,INE787D01018,2023-07-11,dividend,4.0,
DRREDDY,EQ,INE089A01023,2023-07-11,dividend,40.0,
JSWSTEEL,EQ,INE019A01020,2023-07-11,dividend,3.4,
NEULANDLAB,EQ,INE794A01010,2023-07-11,dividend,10.0,
PERSISTENT,EQ,INE262H01013,2023-07-11,dividend,12.0,
PERSISTENT,EQ,INE262H01013,2023-07-11,dividend,10.0,
PIXTRANS,EQ,INE751B01018,2023-07-11,dividend,6.0,
AVADHSUGAR,EQ,INE349W01017,2023-07-12,dividend,10.0,
BLISSGVS,EQ,INE416D01022,2023-07-12,dividend,0.5,
JUBLFOOD,EQ,INE797F01012,2023-07-12,dividend,1.2,
KIRLPNU,EQ,INE811A01020,2023-07-12,dividend,3.0,
NDRAUTO,EQ,INE07OG01012,2023-07-12,dividend,5.0,
WHEELS,EQ,INE715A01015,2023-07-12,dividend,3.97,
ICICIPRULI,EQ,INE726G01019,2023-07-13,dividend,0.6,
MAGADSUGAR,EQ,INE347W01011,2023-07-13,dividend,7.0,
ORIENTHOT,EQ,INE750A01012,2023-07-13,dividend,0.5,
TITAN,EQ,INE280A01010,2023-07-13,dividend,10.0,
WENDT,EQ,INE274C01019,2023-07-13,dividend,50.0,
APOLLOTYRE,EQ,INE438A01022,2023-07-14,dividend,4.0,
APOLLOTYRE,EQ,INE438A01022,2023-07-14,dividend,0.5,
APTECHT,EQ,INE266F01018,2023-07-14,bonus,0.7142857142857143,Bonus 2:5
ARTEMISMED,EQ,INE025R01013,2023-07-14,dividend,0.45,
ASTRAZEN,EQ,INE203A01020,2023-07-14,dividend,16.0,
ATUL,EQ,INE100A01010,2023-07-14,dividend,25.0,
AUBANK,EQ,INE949L01017,2023-07-14,dividend,1.0,
BOSCHLTD,EQ,INE323A01026,2023-07-14,dividend,280.0,
BSOFT,EQ,INE836A01035,2023-07-14,dividend,2.0,
CONTROLPR,EQ,INE663B01015,2023-07-14,dividend,5.0,
COROMANDEL,EQ,INE169A01023,2023-07-14,dividend,6.0,
EXPLEOSOL,EQ,INE201K01015,2023-07-14,dividend,5.0,
HINDZINC,EQ,INE267A01017,2023-07-14,dividend,7.0,
KABRAEXTRU,EQ,INE900B01011,2023-07-14,dividend,3.5,
KIRLFER,EQ,INE884B01025,2023-07-14,dividend,3.0,
KSOLVES,EQ,INE0D6I01015,2023-07-14,dividend,8.0,
LUPIN,EQ,INE326A01029,2023-07-14,dividend,4.0,
M&M,EQ,INE101A01026,2023-07-14,dividend,16.25,
MAHLOG,EQ,INE766P01016,2023-07-14,dividend,2.5,
PTL,EQ,INE034D01031,2023-07-14,dividend,1.75,
RECLTD,EQ,INE020B01018,2023-07-14,dividend,4.35,
SAFARI,EQ,INE429E01023,2023-07-14,dividend,2.0,
SHANTIGEAR,EQ,INE631A01022,2023-07-14,dividend,2.0,
TASTYBITE,EQ,INE488B01017,2023-07-14,dividend,2.0,
TIRUMALCHM,EQ,INE338A01016,2023-07-14,dividend,1.5,
UJJIVANSFB,EQ,INE551W01018,2023-07-14,dividend,0.5,
UNITEDTEA,EQ,INE458F01011,2023-07-14,dividend,1.7,
ABREL,EQ,INE055A01016,2023-07-17,dividend,5.0,
INGERRAND,EQ,INE177A01018,2023-07-17,dividend,20.0,
LLOYDSENGG,EQ,INE093R01011,2023-07-17,dividend,0.1,
MODISONLTD,EQ,INE737D01021,2023-07-17,dividend,1.0,
RBL,EQ,INE244J01017,2023-07-17,dividend,25.0,
THANGAMAYL,EQ,INE085J01014,2023-07-17,bonus,0.5,Bonus 1:1
ANMOL,EQ,INE02AR01019,2023-07-18,bonus,0.2,Bonus 4:1
DCMSHRIRAM,EQ,INE499A01024,2023-07-18,dividend,3.6,
ORIENTBELL,EQ,INE607D01018,2023-07-18,dividend,1.0,
POONAWALLA,EQ,INE511C01022,2023-07-18,dividend,2.0,
PRECAM,EQ,INE484I01029,2023-07-18,dividend,1.0,
TTKHLTCARE,EQ,INE910C01018,2023-07-18,dividend,10.0,
UTIAMC,EQ,INE094J01016,2023-07-18,dividend,22.0,
BLUEDART,EQ,INE233B01017,2023-07-19,dividend,30.0,
MAHLIFE,EQ,INE813A01018,2023-07-19,dividend,2.3,
MASFIN,EQ,INE348L01012,2023-07-19,dividend,1.85,
PRAJIND,EQ,INE074A01025,2023-07-19,dividend,4.5,
STEELCITY,EQ,INE395H01011,2023-07-19,dividend,1.0,
SWELECTES,EQ,INE409B01013,2023-07-19,dividend,1.2,
ASPINWALL,EQ,INE991I01015,2023-07-20,dividend,6.0,
FORTIS,EQ,INE061F01013,2023-07-20,dividend,1.0,
GPTINFRA,EQ,INE390G01014,2023-07-20,dividend,1.5,
GRAPHITE,EQ,INE371A01025,2023-07-20,dividend,8.5,
HCLTECH,EQ,INE860A01027,2023-07-20,dividend,10.0,
MRF,EQ,INE883A01011,2023-07-20,dividend,169.0,
NOVARTIND,EQ,INE234A01025,2023-07-20,dividend,10.0,
NOVARTIND,EQ,INE234A01025,2023-07-20,dividend,37.5,
OCCL,EQ,INE321D01016,2023-07-20,dividend,7.0,
RELIANCE,EQ,INE002A01018,2023-07-20,scheme,,Demerger
ROSSELLIND,EQ,INE847C01020,2023-07-20,dividend,0.4,
TCS,EQ,INE467B01029,2023-07-20,dividend,9.0,
WEIZMANIND,EQ,INE080A01014,2023-07-20,dividend,0.5,
ABBOTINDIA,EQ,INE358A01014,2023-07-21,dividend,180.0,
ABBOTINDIA,EQ,INE358A01014,2023-07-21,dividend,145.0,
ACI,EQ,INE128X01021,2023-07-21,dividend,2.5,
ANGELONE,EQ,INE732I01013,2023-07-21,dividend,9.25,
ANUP,EQ,INE294Z01018,2023-07-21,dividend,15.0,
ARVIND,EQ,INE034A01011,2023-07-21,dividend,3.75,
ARVIND,EQ,INE034A01011,2023-07-21,dividend,2.0,
ARVSMART,EQ,INE034S01021,2023-07-21,dividend,1.65,
ASTEC,EQ,INE563J01010,2023-07-21,dividend,1.5,
BASF,EQ,INE373A01013,2023-07-21,dividend,8.0,
BIRLANU,EQ,INE557A01011,2023-07-21,dividend,25.0,
BLUESTARCO,EQ,INE472A01039,2023-07-21,dividend,6.0,
CIPLA,EQ,INE059A01026,2023-07-21,dividend,8.5,
DABUR,EQ,INE016A01026,2023-07-21,dividend,2.7,
DHANUKA,EQ,INE435G01025,2023-07-21,dividend,2.0,
FIEMIND,EQ,INE737H01014,2023-07-21,dividend,30.0,
IMFA,EQ,INE919H01018,2023-07-21,dividend,5.0,
IMPAL,EQ,INE547E01014,2023-07-21,dividend,15.0,
INDIANHUME,EQ,INE323C01022,2023-07-21,dividend,1.0,
INFOBEAN,EQ,INE344S01016,2023-07-21,dividend,1.0,
INTELLECT,EQ,INE306R01017,2023-07-21,dividend,2.5,
JAMNAAUTO,EQ,INE039C01016,2023-07-21,dividend,1.1,
KHAICHEM,EQ,INE745B01028,2023-07-21,dividend,0.3,
KOKUYOCMLN,EQ,INE760A01029,2023-07-21,dividend,0.5,
KPRMILL,EQ,INE930H01015,2023-07-21,dividend,2.0,
LICI,EQ,INE0J1Y01017,2023-07-21,dividend,3.0,
LTF,EQ,INE498L01015,2023-07-21,dividend,2.0,
LXCHEM,EQ,INE576O01020,2023-07-21,dividend,0.5,
M&MFIN,EQ,INE774D01016,2023-07-21,dividend,6.0,
MINDACORP,EQ,INE842C01013,2023-07-21,dividend,0.8,
RPGLIFE,EQ,INE105J01010,2023-07-21,dividend,12.0,
SASKEN,EQ,INE231F01020,2023-07-21,dividend,13.0,
SONATSOFTW,EQ,INE269A01021,2023-07-21,dividend,8.75,
SUMICHEM,EQ,INE258G01013,2023-07-21,dividend,1.2,
SYMPHONY,EQ,INE225D01019,2023-07-21,dividend,1.0,
TECHM,EQ,INE669C01028,2023-07-21,dividend,32.0,
THERMAX,EQ,INE152A01029,2023-07-21,dividend,10.0,
TTKPRESTIG,EQ,INE690A01010,2023-07-21,dividend,6.0,
ZENSARTECH,EQ,INE520A01019,2023-07-21,dividend,3.5,
ZYDUSWELL,EQ,INE768C01010,2023-07-21,dividend,5.0,
DIVGIITTS,EQ,INE753U01022,2023-07-24,dividend,3.35,
LMW,EQ,INE269B01029,2023-07-24,dividend,98.5,
MENONBE,EQ,INE071D01025,2023-07-24,dividend,2.25,
MPSLTD,EQ,INE943D01017,2023-07-24,dividend,20.0,
NAVA,EQ,INE725A01022,2023-07-24,dividend,6.0,
NDRAUTO,EQ,INE07OG01012,2023-07-24,bonus,0.5,Bonus 1:1
NOCIL,EQ,INE163A01018,2023-07-24,dividend,3.0,
PDSL,EQ,INE111Q01013,2023-07-24,dividend,2.6,
SHRIPISTON,EQ,INE526E01018,2023-07-24,bonus,0.5,Bonus 1:1
SIYSIL,EQ,INE076B01010,2023-07-24,dividend,4.0,
VCL,EQ,INE098201010,2023-07-24,rights,,Rights 1:2 @ Premium Re 1.50/-
BEPL,EQ,INE922A01025,2023-07-25,dividend,1.0,
CARBORUNIV,EQ,INE120A01026,2023-07-25,dividend,2.0,
CHOLAFIN,EQ,INE121A01016,2023-07-25,dividend,0.7,
KEC,EQ,INE389H01014,2023-07-25,dividend,3.0,
KIRLOSBROS,EQ,INE732A01036,2023-07-25,dividend,4.5,
ORIENTCEM,EQ,INE876N01018,2023-07-25,dividend,1.0,
SHREMINVIT,IV,INE0GTI23014,2023-07-25,dividend,2.06,
SIL,EQ,INE173A01025,2023-07-25,dividend,0.25,
TCI,EQ,INE688A01022,2023-07-25,dividend,2.0,
20MICRONS,EQ,INE144J01019,2023-07-26,dividend,0.75,
3MINDIA,EQ,INE470A01017,2023-07-26,dividend,100.0,
ASALCBR,EQ,INE073G01016,2023-07-26,dividend,1.0,
CUMMINSIND,EQ,INE298A01020,2023-07-26,dividend,13.0,
GOODYEAR,EQ,INE533A01012,2023-07-26,dividend,26.5,
GPPL,EQ,INE517F01014,2023-07-26,dividend,3.4,
ORIENTELEC,EQ,INE142Z01019,2023-07-26,dividend,0.75,
STEELCAS,EQ,INE124E01020,2023-07-26,dividend,2.7,
TIINDIA,EQ,INE974X01010,2023-07-26,dividend,1.5,
VINYLINDIA,EQ,INE250B01029,2023-07-26,dividend,5.0,
AUTOAXLES,EQ,INE449A01011,2023-07-27,dividend,32.0,
BHAGCHEM,EQ,INE414D01019,2023-07-27,dividend,3.0,
DEEPAKNTR,EQ,INE288B01011,2023-07-27,dividend,7.5,
DOLLAR,EQ,INE325C01027,2023-07-27,dividend,3.0,
HATSUN,EQ,INE473B01035,2023-07-27,dividend,6.0,
HEROMOTOCO,EQ,INE158A01026,2023-07-27,dividend,35.0,
JKTYRE,EQ,INE573A01034,2023-07-27,dividend,2.0,
JSWDULUX,EQ,INE133A01011,2023-07-27,dividend,40.0,
MAANALU,EQ,INE215I01019,2023-07-27,bonus,0.5,Bonus 1:1
MAANALU,EQ,INE215I01019,2023-07-27,split,0.5,Face Value Split (Sub-Division) - From Rs 10/- Per Share To Rs 5/- Per Share
PIDILITIND,EQ,INE318A01026,2023-07-27,dividend,11.0,
PUNJABCHEM,EQ,INE277B01014,2023-07-27,dividend,3.0,
RAJRATAN,EQ,INE451D01011,2023-07-27,dividend,2.0,
RATNAMANI,EQ,INE703B01027,2023-07-27,dividend,12.0,
SAREGAMA,EQ,INE979A01017,2023-07-27,scheme,,Demerger
ULTRACEMCO,EQ,INE481G01011,2023-07-27,dividend,38.0,
360ONE,EQ,INE466L01020,2023-07-28,dividend,4.0,
AARTIIND,EQ,INE769A01020,2023-07-28,dividend,1.5,
ADANIPORTS,EQ,INE742F01042,2023-07-28,dividend,5.0,
APLLTD,EQ,INE901L01018,2023-07-28,dividend,8.0,
ARE&M,EQ,INE885A01032,2023-07-28,dividend,3.2,
ARIHANTCAP,EQ,INE420B01028,2023-07-28,dividend,0.4,
BAJAJELEC,EQ,INE193E01025,2023-07-28,dividend,4.0,
BANSWRAS,EQ,INE629D01012,2023-07-28,dividend,3.0,
BROOKS,EQ,INE650L01011,2023-07-28,rights,,Rights 1:16 @ Premium Rs 65/-
COSMOFIRST,EQ,INE757A01017,2023-07-28,dividend,5.0,
DLF,EQ,INE271C01023,2023-07-28,dividend,4.0,
ELGIEQUIP,EQ,INE285A01027,2023-07-28,dividend,2.0,
EQUITASBNK,EQ,INE063P01018,2023-07-28,dividend,1.0,
GALAXYSURF,EQ,INE600K01018,2023-07-28,dividend,4.0,
GANDHITUBE,EQ,INE524B01027,2023-07-28,dividend,12.0,
GODREJAGRO,EQ,INE850D01014,2023-07-28,dividend,9.5,
GRPLTD,EQ,INE137I01015,2023-07-28,dividend,17.0,
ICRA,EQ,INE725G01011,2023-07-28,dividend,40.0,
ICRA,EQ,INE725G01011,2023-07-28,dividend,90.0,
IEX,EQ,INE022Q01012,2023-07-28,dividend,1.0,
INDIGOPNTS,EQ,INE09VQ01012,2023-07-28,dividend,3.5,
IOC,EQ,INE242A01010,2023-07-28,dividend,3.0,
IRBIT,IV,INE0C8K23012,2023-07-28,rights,,Rights 1:6 @ Premium Rs 100.98/-
JTEKTINDIA,EQ,INE643A01035,2023-07-28,dividend,0.5,
MANGLMCEM,EQ,INE347A01017,2023-07-28,dividend,1.5,
MUKANDLTD,EQ,INE304A01026,2023-07-28,dividend,2.0,
NAUKRI,EQ,INE663F01024,2023-07-28,dividend,9.0,
NELCAST,EQ,INE189I01016,2023-07-28,dividend,0.4,
NESCO,EQ,INE317F01027,2023-07-28,dividend,4.5,
QUICKHEAL,EQ,INE306L01010,2023-07-28,dividend,2.5,
RANEHOLDIN,EQ,INE384A01010,2023-07-28,dividend,17.0,
SERVOTECH,EQ,INE782X01017,2023-07-28,split,0.5,Face Value Split (Sub-Division) - From Rs 2/- Per Share To Re 1/- Per Share
SOBHA,EQ,INE671H01015,2023-07-28,dividend,3.0,
SUNPHARMA,EQ,INE044A01028,2023-07-28,dividend,4.0,
TARIL,EQ,INE763I01026,2023-07-28,dividend,0.15,
TATAMTRDVR,EQ,IN9155A01012,2023-07-28,dividend,2.1,
TCIEXP,EQ,INE586V01016,2023-07-28,dividend,2.0,
TCPLPACK,EQ,INE822C01015,2023-07-28,dividend,20.0,
TMPV,EQ,INE155A01022,2023-07-28,dividend,2.0,
TVSELECT,EQ,INE236G01019,2023-07-28,dividend,2.0,
UGARSUGAR,EQ,INE071E01023,2023-07-28,dividend,0.5,
UNIONBANK,EQ,INE692A01016,2023-07-28,dividend,3.0,
XCHANGING,EQ,INE692G01013,2023-07-28,dividend,15.0,
ZYDUSLIFE,EQ,INE010B01027,2023-07-28,dividend,6.0,
AKSHAR,EQ,INE256Z01017,2023-07-31,split,0.1,Face Value Split (Sub-Division) - From Rs 10/- Per Share To Re 1/- Per Share
BRIGADE,EQ,INE791I01019,2023-07-31,dividend,2.0,
EIHAHOTELS,EQ,INE276C01014,2023-07-31,dividend,5.0,
FAIRCHEMOR,EQ,INE0DNW01011,2023-07-31,dividend,7.5,
IGARASHI,EQ,INE188B01013,2023-07-31,dividend,1.0,
JINDWORLD,EQ,INE247D01013,2023-07-31,dividend,0.2,
MINDSPACE,RR,INE0CCU25019,2023-07-31,dividend,4.33,
VOLTAMP,EQ,INE540H01012,2023-07-31,dividend,40.0,
VOLTAMP,EQ,INE540H01012,2023-07-31,dividend,20.0,
VRLLOG,EQ,INE366I01010,2023-07-31,dividend,5.0,
DBCORP,EQ,INE950I01011,2023-08-01,dividend,3.0,
EXIDEIND,EQ,INE302A01020,2023-08-01,dividend,2.0,
JKCEMENT,EQ,INE823G01014,2023-08-01,dividend,15.0,
KAMOPAINTS,EQ,INE0BTI01029,2023-08-01,bonus,0.5,Bonus 1:1
LFIC,EQ,INE850E01012,2023-08-01,dividend,2.0,
ORIENTPPR,EQ,INE592A01026,2023-08-01,dividend,1.0,
RUPA,EQ,INE895B01021,2023-08-01,dividend,3.0,
SHARDACROP,EQ,INE221J01015,2023-08-01,dividend,3.0,
SRF,EQ,INE647A01010,2023-08-01,dividend,3.6,
ADOR,EQ,INE045A01017,2023-08-02,dividend,17.5,
BAJAJCON,EQ,INE933K01021,2023-08-02,dividend,5.0,
CENTUM,EQ,INE320B01020,2023-08-02,dividend,4.0,
CRISIL,EQ,INE007A01017,2023-08-02,dividend,8.0,
DATAPATTNS,EQ,INE0IX101010,2023-08-02,dividend,4.5,
DYCL,EQ,INE600Y01019,2023-08-02,dividend,0.5,
EIHOTEL,EQ,INE230A01023,2023-08-02,dividend,1.1,
GROBTEA,EQ,INE646C01018,2023-08-02,dividend,2.0,
KOTHARIPET,EQ,INE720A01015,2023-08-02,dividend,0.75,
LT,EQ,INE018A01030,2023-08-02,dividend,24.0,
LT,EQ,INE018A01030,2023-08-02,dividend,6.0,
PPLPHARMA,EQ,INE0DK501011,2023-08-02,rights,,Rights 5:46 @ Premium Rs 71/-
SAHYADRI,EQ,INE280H01015,2023-08-02,dividend,1.5,
SHAREINDIA,EQ,INE932X01018,2023-08-02,dividend,2.0,
SHAREINDIA,EQ,INE932X01018,2023-08-02,dividend,4.5,
STYRENIX,EQ,INE189B01011,2023-08-02,dividend,24.0,
TDPOWERSYS,EQ,INE419M01019,2023-08-02,dividend,0.5,
ADFFOODS,EQ,INE982B01019,2023-08-03,dividend,5.0,
AEGISLOG,EQ,INE208C01025,2023-08-03,dividend,2.5,
ALBERTDAVD,EQ,INE155C01010,2023-08-03,dividend,9.0,
ALEMBICLTD,EQ,INE426A01027,2023-08-03,dividend,2.2,
AMJLAND,EQ,INE606A01024,2023-08-03,dividend,0.2,
AVANTIFEED,EQ,INE871C01012,2023-08-03,dividend,6.25,
BATAINDIA,EQ,INE176A01010,2023-08-03,dividend,13.5,
CHEMBOND,EQ,INE995D01025,2023-08-03,dividend,3.0,
CHOLAHLDNG,EQ,INE149A01033,2023-08-03,dividend,0.55,
CLEAN,EQ,INE227W01023,2023-08-03,dividend,3.0,
COFORGE,EQ,INE591G01017,2023-08-03,dividend,19.0,
EMBASSY,RR,INE041025011,2023-08-03,dividend,2.38,
EMKAY,EQ,INE296H01011,2023-08-03,dividend,1.0,
ESABINDIA,EQ,INE284A01012,2023-08-03,dividend,20.0,
GRANULES,EQ,INE101D01012,2023-08-03,dividend,1.5,
GREAVESCOT,EQ,INE224A01018,2023-08-03,dividend,0.9,
HONAUT,EQ,INE671A01010,2023-08-03,dividend,95.0,
HONDAPOWER,EQ,INE634A01018,2023-08-03,dividend,16.5,
INDIGRID,IV,INE219X23014,2023-08-03,dividend,0.0611,
IVP,EQ,INE043C01018,2023-08-03,dividend,1.5,
KOTARISUG,EQ,INE419A01022,2023-08-03,dividend,0.5,
MARUTI,EQ,INE585B01010,2023-08-03,dividend,90.0,
MATRIMONY,EQ,INE866R01028,2023-08-03,dividend,5.0,
NINSYS,EQ,INE395U01014,2023-08-03,bonus,0.5555555555555556,Bonus 4:5
OAL,EQ,INE959C01023,2023-08-03,dividend,0.5,
PDMJEPAPER,EQ,INE865T01018,2023-08-03,dividend,0.5,
RAMCOCEM,EQ,INE331A01037,2023-08-03,dividend,2.0,
RAMCOIND,EQ,INE614A01028,2023-08-03,dividend,1.0,
SHK,EQ,INE500L01026,2023-08-03,dividend,2.0,
SHREYANIND,EQ,INE231C01019,2023-08-03,dividend,2.5,
UBL,EQ,INE686F01025,2023-08-03,dividend,7.5,
UPL,EQ,INE628A01036,2023-08-03,dividend,10.0,
USHAMART,EQ,INE228A01035,2023-08-03,dividend,2.5,
XPROINDIA,EQ,INE445C01015,2023-08-03,dividend,2.0,
ABSLAMC,EQ,INE404A01024,2023-08-04,dividend,5.25,
ADVENZYMES,EQ,INE837H01012,2023-08-04,dividend,1.0,
AJANTPHARM,EQ,INE031B01015,2023-08-04,dividend,10.0,
AJANTPHARM,EQ,INE031B01015,2023-08-04,dividend,15.0,
AJMERA,EQ,INE298G01027,2023-08-04,dividend,3.0,
ANDHRAPAP,EQ,INE435A01028,2023-08-04,dividend,12.5,
APARINDS,EQ,INE372A01015,2023-08-04,dividend,40.0,
ASTRAL,EQ,INE006I01012,2023-08-04,dividend,2.25,
BAYERCROP,EQ,INE462A01022,2023-08-04,dividend,30.0,
BERGEPAINT,EQ,INE463A01020,2023-08-04,dividend,3.2,
BSE,EQ,INE118H01025,2023-08-04,dividend,12.0,
CHENNPETRO,EQ,INE178A01016,2023-08-04,dividend,27.0,
CHEVIOT,EQ,INE974B01016,2023-08-04,dividend,27.0,
DALMIASUG,EQ,INE495A01022,2023-08-04,dividend,1.0,
EMMBI,EQ,INE753K01015,2023-08-04,dividend,0.3,
EPL,EQ,INE255A01020,2023-08-04,dividend,2.15,
GRAUWEIL,EQ,INE266D01021,2023-08-04,dividend,0.8,
GRINDWELL,EQ,INE536A01023,2023-08-04,dividend,14.5,
HERCULES,EQ,INE688E01024,2023-08-04,dividend,1.5,
HERCULES,EQ,INE688E01024,2023-08-04,dividend,1.0,
JTLIND,EQ,INE391J01024,2023-08-04,dividend,0.2,
KALYANKJIL,EQ,INE303R01014,2023-08-04,dividend,0.5,
KIRLOSENG,EQ,INE146L01010,2023-08-04,dividend,2.5,
KIRLOSIND,EQ,INE250A01039,2023-08-04,dividend,11.0,
KOTAKBANK,EQ,INE237A01010,2023-08-04,dividend,1.5,
MINDTECK,EQ,INE110B01017,2023-08-04,dividend,1.0,
MUNJALSHOW,EQ,INE577A01027,2023-08-04,dividend,4.5,
ROUTE,EQ,INE450U01017,2023-08-04,dividend,3.0,
SANGHVIMOV,EQ,INE989A01024,2023-08-04,dividend,4.0,
SARDAEN,EQ,INE385C01013,2023-08-04,split,0.1,Face Value Split (Sub-Division) - From Rs 10/- Per Share To Re 1/- Per Share
STAR,EQ,INE939A01011,2023-08-04,dividend,1.5,
SUDARSCHEM,EQ,INE659A01015,2023-08-04,dividend,1.5,
SYMPHONY,EQ,INE225D01019,2023-08-04,dividend,1.0,
TIMKEN,EQ,INE325A01013,2023-08-04,dividend,1.5,
TIPSMUSIC,EQ,INE716B01029,2023-08-04,dividend,1.0,
TIPSMUSIC,EQ,INE716B01029,2023-08-04,dividend,0.5,
UFLEX,EQ,INE516A01017,2023-08-04,dividend,3.0,
VISHNU,EQ,INE270I01014,2023-08-04,dividend,0.4,
VSTIND,EQ,INE710A01016,2023-08-04,dividend,150.0,
GABRIEL,EQ,INE524A01029,2023-08-07,dividend,1.65,
KARURVYSYA,EQ,INE036D01010,2023-08-07,dividend,2.0,
NAVNETEDUL,EQ,INE060A01024,2023-08-07,dividend,2.6,
RITES,EQ,INE320J01015,2023-08-07,dividend,3.75,
SAKSOFT,EQ,INE667G01015,2023-08-07,dividend,0.35,
CASTROLIND,EQ,INE172A01027,2023-08-08,dividend,3.0,
MGEL,EQ,INE0APB01016,2023-08-08,dividend,0.02,
POWERGRID,EQ,INE752E01010,2023-08-08,dividend,4.75,
SHALBY,EQ,INE597J01018,2023-08-08,dividend,1.2,
STLTECH,EQ,INE089C01029,2023-08-08,dividend,1.0,
WESTLIFE,EQ,INE274F01020,2023-08-08,dividend,3.45,
ICICIBANK,EQ,INE090A01013,2023-08-09,dividend,8.0,
LTFOODS,EQ,INE818H01020,2023-08-09,dividend,0.5,
MSUMI,EQ,INE0FS801015,2023-08-09,dividend,0.65,
SMLT,EQ,INE017W01010,2023-08-09,dividend,1.0,
WSTCSTPAPR,EQ,INE976A01021,2023-08-09,dividend,10.0,
ADSL,EQ,INE102I01027,2023-08-10,dividend,1.25,
ALKEM,EQ,INE540L01014,2023-08-10,dividend,10.0,
GOACARBON,EQ,INE426D01013,2023-08-10,dividend,17.5,
JUBLINGREA,EQ,INE0BY001018,2023-08-10,dividend,2.5,
JUBLPHARMA,EQ,INE700A01033,2023-08-10,dividend,5.0,
KCP,EQ,INE805C01010,2023-08-10,dividend,0.1,
LINDEINDIA,EQ,INE473A01011,2023-08-10,dividend,4.5,
LINDEINDIA,EQ,INE473A01011,2023-08-10,dividend,7.5,
LUMAXIND,EQ,INE162B01018,2023-08-10,dividend,27.0,
LUMAXTECH,EQ,INE872H01019,2023-08-10,dividend,4.5,
MANINFRA,EQ,INE949H01015,2023-08-10,dividend,0.36,
POWERINDIA,EQ,INE07Y701011,2023-08-10,dividend,3.4,
RAMAPHO,EQ,INE809A01024,2023-08-10,dividend,1.0,
THOMASCOOK,EQ,INE332A01027,2023-08-10,dividend,0.4,
VAIBHAVGBL,EQ,INE884A01019,2023-08-10,dividend,1.5,
BALKRISIND,EQ,INE787D01018,2023-08-11,dividend,4.0,
BANDHANBNK,EQ,INE545U01014,2023-08-11,dividend,1.5,
BHARTIARTL,EQ,INE397D01024,2023-08-11,dividend,4.0,
BHEL,EQ,INE257A01018,2023-08-11,dividend,0.4,
BPCL,EQ,INE029A01011,2023-08-11,dividend,4.0,
CCL,EQ,INE421D01014,2023-08-11,dividend,2.5,
CENTENKA,EQ,INE485A01015,2023-08-11,dividend,10.0,
CUB,EQ,INE491A01021,2023-08-11,dividend,1.0,
DIVISLAB,EQ,INE361B01024,2023-08-11,dividend,30.0,
ENDURANCE,EQ,INE913H01037,2023-08-11,dividend,7.0,
FEDERALBNK,EQ,INE171A01011,2023-08-11,dividend,1.0,
GODFRYPHLP,EQ,INE260B01010,2023-08-11,dividend,44.0,
GRASIM,EQ,INE047A01013,2023-08-11,dividend,10.0,
HBSL,EQ,INE550B01022,2023-08-11,dividend,1.0,
ICIL,EQ,INE483B01018,2023-08-11,dividend,2.0,
INDOBORAX,EQ,INE803D01021,2023-08-11,dividend,1.0,
IRISDOREME,EQ,INE01GN01017,2023-08-11,split,0.2,Face Value Split (Sub-Division) - From Rs 10/- Per Share To Rs 2/- Per Share
JKLAKSHMI,EQ,INE786A01032,2023-08-11,dividend,3.75,
KOLTEPATIL,EQ,INE094I01018,2023-08-11,dividend,4.0,
KOVAI,EQ,INE177F01017,2023-08-11,dividend,5.0,
KSL,EQ,INE907A01026,2023-08-11,dividend,10.0,
LALPATHLAB,EQ,INE600L01024,2023-08-11,dividend,6.0,
MOTHERSON,EQ,INE775A01035,2023-08-11,dividend,0.65,
NTPC,EQ,INE733E01010,2023-08-11,dividend,3.0,
PFIZER,EQ,INE182A01018,2023-08-11,dividend,35.0,
PFIZER,EQ,INE182A01018,2023-08-11,dividend,5.0,
PIIND,EQ,INE603J01014,2023-08-11,dividend,5.5,
PITTIENG,EQ,INE450D01021,2023-08-11,dividend,1.2,
SNOWMAN,EQ,INE734N01019,2023-08-11,dividend,1.0,
TFCILTD,EQ,INE305A01015,2023-08-11,dividend,2.4,
TINPLATE,EQ,INE422C01014,2023-08-11,dividend,3.0,
TIPSFILMS,EQ,INE0LQS01015,2023-08-11,dividend,5.0,
UNIENTER,EQ,INE037A01022,2023-08-11,dividend,6.5,
WONDERLA,EQ,INE066O01014,2023-08-11,dividend,2.5,
ALKALI,EQ,INE773I01017,2023-08-14,dividend,2.0,
CAMS,EQ,INE596I01012,2023-08-14,dividend,12.0,
CAMS,EQ,INE596I01012,2023-08-14,dividend,8.0,
EICHERMOT,EQ,INE066A01013,2023-08-14,dividend,37.0,
EVERESTIND,EQ,INE295A01018,2023-08-14,dividend,6.0,
FINEORG,EQ,INE686Y01026,2023-08-14,dividend,9.0,
GATEWAY,EQ,INE079J01017,2023-08-14,dividend,1.25,
GESHIP,EQ,INE017A01032,2023-08-14,dividend,5.4,
GESHIP,EQ,INE017A01032,2023-08-14,dividend,7.5,
HERITGFOOD,EQ,INE978A01019,2023-08-14,dividend,2.5,
HGINFRA,EQ,INE926X01010,2023-08-14,dividend,1.25,
HINDALCO,EQ,INE038A01020,2023-08-14,dividend,3.0,
ISGEC,EQ,INE858B01029,2023-08-14,dividend,3.0,
JINDRILL,EQ,INE742C01031,2023-08-14,dividend,0.5,
KAMDHENU,EQ,INE390H01012,2023-08-14,dividend,1.5,
KPITTECH,EQ,INE04I401011,2023-08-14,dividend,2.65,
MAHSEAMLES,EQ,INE271B01025,2023-08-14,dividend,5.0,
MANINDS,EQ,INE993A01026,2023-08-14,dividend,2.0,
MGL,EQ,INE002S01010,2023-08-14,dividend,16.0,
NBIFIN,EQ,INE365I01012,2023-08-14,dividend,0.4,
RECLTD,EQ,INE020B01018,2023-08-14,dividend,3.0,
SSWL,EQ,INE802C01017,2023-08-14,dividend,1.0,
STEELCAS,EQ,INE124E01020,2023-08-14,dividend,1.35,
VBL,EQ,INE200M01013,2023-08-14,dividend,1.25,
ACE,EQ,INE731H01025,2023-08-17,dividend,1.0,
BEL,EQ,INE263A01016,2023-08-17,dividend,0.6,
HERANBA,EQ,INE694N01015,2023-08-17,dividend,1.25,
IGPL,EQ,INE204A01010,2023-08-17,dividend,10.0,
IPL,EQ,INE0D6701023,2023-08-17,dividend,0.75,
IVC,EQ,INE050B01023,2023-08-17,dividend,0.8,
J&KBANK,EQ,INE168A01017,2023-08-17,dividend,0.5,
JBCHEPHARM,EQ,INE572A01028,2023-08-17,dividend,9.25,
MANYAVAR,EQ,INE825V01034,2023-08-17,dividend,9.0,
RELAXO,EQ,INE131B01021,2023-08-17,dividend,2.5,
SOUTHBANK,EQ,INE683A01015,2023-08-17,dividend,0.3,
VGUARD,EQ,INE951I01019,2023-08-17,dividend,1.3,
APOLLOHOSP,EQ,INE437A01016,2023-08-18,dividend,9.0,
AVTNPL,EQ,INE488D01013,2023-08-18,dividend,0.6,
COALINDIA,EQ,INE522F01014,2023-08-18,dividend,4.0,
CONCOR,EQ,INE111A01017,2023-08-18,dividend,2.0,
CREST,EQ,INE559D01011,2023-08-18,dividend,1.0,
DLINKINDIA,EQ,INE250K01012,2023-08-18,dividend,5.0,
FOCUS,EQ,INE593W01010,2023-08-18,dividend,1.5,
GPIL,EQ,INE177H01013,2023-08-18,dividend,4.0,
GREENPLY,EQ,INE461C01020,2023-08-18,dividend,0.5,
GREENPOWER,EQ,INE999K01014,2023-08-18,rights,,Rights 19:62 @ Premium Rs 0/-
IFGLEXPOR,EQ,INE133Y01011,2023-08-18,dividend,7.0,
IRCTC,EQ,INE335Y01012,2023-08-18,dividend,2.0,
JINDALSTEL,EQ,INE749A01030,2023-08-18,dividend,2.0,
JKPAPER,EQ,INE789E01012,2023-08-18,dividend,4.0,
LICHSGFIN,EQ,INE115A01018,2023-08-18,dividend,8.5,
MMP,EQ,INE511Y01018,2023-08-18,dividend,1.0,
NGLFINE,EQ,INE887E01022,2023-08-18,dividend,1.75,
ONGC,EQ,INE213A01011,2023-08-18,dividend,0.5,
OSWALSEEDS,EQ,INE00IK01011,2023-08-18,split,0.2,Face Value Split (Sub-Division) - From Rs 10/- Per Share To Rs 2/- Per Share
PAGEIND,EQ,INE761H01022,2023-08-18,dividend,75.0,
PETRONET,EQ,INE347G01014,2023-08-18,dividend,3.0,
PRUDENT,EQ,INE00F201020,2023-08-18,dividend,1.5,
RBLBANK,EQ,INE976G01028,2023-08-18,dividend,1.5,
SILINV,EQ,INE923A01015,2023-08-18,dividend,2.5,
SIRCA,EQ,INE792Z01011,2023-08-18,dividend,1.5,
SOMANYCERA,EQ,INE355A01010,2023-08-18,dividend,3.0,
SUTLEJTEX,EQ,INE645H01019,2023-08-18,dividend,1.0,
TATAMETALI,EQ,INE056C01010,2023-08-18,dividend,5.0,
TEGA,EQ,INE011K01018,2023-08-18,dividend,2.0,
VERTIS,IV,INE0KXY23015,2023-08-18,dividend,0.6263,
WHIRLPOOL,EQ,INE716A01013,2023-08-18,dividend,5.0,
CEMPRO,EQ,INE686A01026,2023-08-21,dividend,0.75,
CHAMBLFERT,EQ,INE085A01013,2023-08-21,dividend,3.0,
FINPIPE,EQ,INE183A01016,2023-08-21,dividend,1.5,
JAGSNPHARM,EQ,INE048B01027,2023-08-21,dividend,5.0,
KRITINUT,EQ,INE798K01010,2023-08-21,dividend,0.25,
LINC,EQ,INE802B01019,2023-08-21,dividend,5.0,
RELIANCE,EQ,INE002A01018,2023-08-21,dividend,9.0,
VASCONEQ,EQ,INE893I01013,2023-08-21,dividend,0.25,
CHEMFAB,EQ,INE783X01023,2023-08-22,dividend,1.25,
DREAMFOLKS,EQ,INE0JS101016,2023-08-22,dividend,0.5,
ISEC,EQ,INE763G01038,2023-08-22,dividend,9.25,
JMA,EQ,INE412C01015,2023-08-22,dividend,2.0,
KPIGREEN,EQ,INE542W01017,2023-08-22,dividend,0.25,
KTKBANK,EQ,INE614B01018,2023-08-22,dividend,5.0,
MANAKALUCO,EQ,INE859Q01017,2023-08-22,dividend,0.05,
MANAKCOAT,EQ,INE830Q01018,2023-08-22,dividend,0.03,
NATCOPHARM,EQ,INE987B01018,2023-08-22,dividend,7.0,
NHPC,EQ,INE848E01016,2023-08-22,dividend,0.45,
PANAMAPET,EQ,INE305C01011,2023-08-22,dividend,5.0,
SUBROS,EQ,INE287B01021,2023-08-22,dividend,1.0,
SUNTV,EQ,INE424H01027,2023-08-22,dividend,6.25,
WORTHPERI,EQ,INE196Y01018,2023-08-22,dividend,1.0,
ASTRAMICRO,EQ,INE386C01029,2023-08-23,dividend,1.6,
CGCL,EQ,INE180C01018,2023-08-23,dividend,0.5,
DSSL,EQ,INE417B01040,2023-08-23,dividend,0.5,
GLOBAL,EQ,INE291W01011,2023-08-23,dividend,1.25,
MANAPPURAM,EQ,INE522D01027,2023-08-23,dividend,0.8,
AGI,EQ,INE415A01038,2023-08-24,dividend,5.0,
ANDREWYU,EQ,INE449C01025,2023-08-24,dividend,0.007,
HAL,EQ,INE066F01012,2023-08-24,dividend,15.0,
HEGAM,EQ,INE545A01024,2023-08-24,dividend,42.5,
MAYURUNIQ,EQ,INE040D01012,2023-08-24,dividend,2.0,
MONTECARLO,EQ,INE950M01013,2023-08-24,dividend,20.0,
RAILTEL,EQ,INE0DD101019,2023-08-24,dividend,1.05,
RPPL,EQ,INE760W01015,2023-08-24,dividend,0.5,
SATIA,EQ,INE170E01015,2023-08-24,dividend,1.0,
TVSHLTD,EQ,INE105A01035,2023-08-24,scheme,,Demerger
ABB,EQ,INE117A01022,2023-08-25,dividend,5.5,
CDSL,EQ,INE736A01011,2023-08-25,dividend,16.0,
DEEPAKFERT,EQ,INE501A01019,2023-08-25,dividend,10.0,
ENGINERSIN,EQ,INE510A01010,2023-08-25,dividend,1.0,
GAEL,EQ,INE036B01022,2023-08-25,dividend,0.7,
GICHSGFIN,EQ,INE289B01019,2023-08-25,dividend,4.5,
GULFOILLUB,EQ,INE635Q01029,2023-08-25,dividend,25.0,
KRBL,EQ,INE001B01026,2023-08-25,dividend,1.0,
MAPMYINDIA,EQ,INE0BV301023,2023-08-25,dividend,3.0,
MUNJALAU,EQ,INE672B01024,2023-08-25,dividend,2.0,
NCC,EQ,INE868B01028,2023-08-25,dividend,2.2,
NDLVENTURE,EQ,INE353A01023,2023-08-25,dividend,2.0,
NEOGEN,EQ,INE136S01016,2023-08-25,dividend,3.0,
OIL,EQ,INE274J01014,2023-08-25,dividend,5.5,
SALZERELEC,EQ,INE457F01013,2023-08-25,dividend,2.2,
SEAMECLTD,EQ,INE497B01018,2023-08-25,dividend,1.0,
SURYAROSNI,EQ,INE335A01012,2023-08-25,dividend,4.0,
UNIDT,EQ,INE961D01019,2023-08-25,dividend,0.6,
VSTTILLERS,EQ,INE764D01017,2023-08-25,dividend,25.0,
AARON,EQ,INE721Z01010,2023-08-28,dividend,1.0,
BANARISUG,EQ,INE459A01010,2023-08-28,dividend,12.5,
PRECWIRE,EQ,INE372C01011,2023-08-28,dividend,0.36,
BIRLACORPN,EQ,INE340A01012,2023-08-29,dividend,2.5,
GMMPFAUDLR,EQ,INE541A01023,2023-08-29,dividend,1.0,
PILANIINVS,EQ,INE417C01014,2023-08-29,dividend,15.0,
TMB,EQ,INE668A01016,2023-08-29,dividend,5.0,
CMSINFO,EQ,INE925R01014,2023-08-30,dividend,4.75,
IONEXCHANG,EQ,INE570A01014,2023-08-30,dividend,1.25,
SKMEGGPROD,EQ,INE411D01015,2023-08-30,dividend,0.5,
TANLA,EQ,INE483C01032,2023-08-30,dividend,4.0,
BAIDFIN,EQ,INE020D01022,2023-08-31,dividend,0.1,
ECLERX,EQ,INE738I01010,2023-08-31,dividend,1.0,
GEECEE,EQ,INE916G01016,2023-08-31,dividend,2.0,
NMDC,EQ,INE584A01023,2023-08-31,dividend,2.85,
SIGACHI,EQ,INE0D0K01014,2023-08-31,dividend,1.0,
UNOMINDA,EQ,INE405E01023,2023-08-31,dividend,1.0,
APLAPOLLO,EQ,INE702C01019,2023-09-01,dividend,5.0,
ARVINDFASN,EQ,INE955V01021,2023-09-01,dividend,1.0,
BHAGERIA,EQ,INE354C01019,2023-09-01,dividend,1.0,
FOODSIN,EQ,INE976E01023,2023-09-01,dividend,0.25,
GANESHHOU,EQ,INE460C01014,2023-09-01,dividend,2.4,
GNA,EQ,INE934S01014,2023-09-01,bonus,0.5,Bonus 1:1
GNA,EQ,INE934S01014,2023-09-01,dividend,6.0,
GSPL,EQ,INE246F01010,2023-09-01,dividend,5.0,
HINDCON,EQ,INE642Y01011,2023-09-01,dividend,0.5,
METROBRAND,EQ,INE317I01021,2023-09-01,dividend,1.5,
NBCC,EQ,INE095N01015,2023-09-01,dividend,0.54,
PATINTLOG,EQ,INE529D01014,2023-09-01,dividend,0.1,
PGIL,EQ,INE940H01014,2023-09-01,dividend,5.0,
PSPPROJECT,EQ,INE488V01015,2023-09-01,dividend,2.5,
RAMRAT,EQ,INE207E01023,2023-09-01,dividend,2.5,
SANSERA,EQ,INE953O01021,2023-09-01,dividend,2.5,
SCI,EQ,INE109A01011,2023-09-01,dividend,0.44,
SYRMA,EQ,INE0DYJ01015,2023-09-01,dividend,1.5,
THEMISMED,EQ,INE083B01016,2023-09-01,dividend,5.0,
UJJIVAN,EQ,INE334L01012,2023-09-01,dividend,3.5,
VAKRANGEE,EQ,INE051B01021,2023-09-01,dividend,0.05,
VINATIORGA,EQ,INE410B01029,2023-09-01,dividend,7.0,
AHLEAST,EQ,INE926K01017,2023-09-04,dividend,2.5,
BIRLACABLE,EQ,INE800A01015,2023-09-04,dividend,2.5,
ELECTCAST,EQ,INE086A01029,2023-09-04,dividend,0.9,
GRAVITA,EQ,INE024L01019,2023-09-04,dividend,4.35,
JAICORPLTD,EQ,INE070D01027,2023-09-04,dividend,0.5,
MALLCOM,EQ,INE389C01015,2023-09-04,dividend,3.0,
RADIANTCMS,EQ,INE855R01021,2023-09-04,dividend,2.0,
TVSSRICHAK,EQ,INE421C01016,2023-09-04,dividend,32.05,
UNIVCABLES,EQ,INE279A01012,2023-09-04,dividend,3.0,
VINDHYATEL,EQ,INE707A01012,2023-09-04,dividend,15.0,
DENORA,EQ,INE244A01016,2023-09-05,dividend,2.0,
DHRUV,EQ,INE506Z01015,2023-09-05,dividend,0.25,
EMAMIPAP,EQ,INE830C01026,2023-09-05,dividend,1.6,
INDIAGLYCO,EQ,INE560A01015,2023-09-05,dividend,7.5,
IRCON,EQ,INE962Y01013,2023-09-05,dividend,1.2,
KAJARIACER,EQ,INE217B01028,2023-09-05,dividend,3.0,
NGIL,EQ,INE236Y01012,2023-09-05,rights,,Rights 1:7 @ Premium Rs 30/-
PFS,EQ,INE560K01014,2023-09-05,dividend,1.0,
WINDLAS,EQ,INE0H5O01029,2023-09-05,dividend,4.0,
BBL,EQ,INE464A01028,2023-09-06,dividend,40.0,
BHARATRAS,EQ,INE838B01013,2023-09-06,dividend,1.5,
ROUTE,EQ,INE450U01017,2023-09-06,dividend,2.0,
TBZ,EQ,INE760L01018,2023-09-06,dividend,1.75,
YUKEN,EQ,INE384C01016,2023-09-06,dividend,0.8,
BANCOINDIA,EQ,INE213C01025,2023-09-07,dividend,14.0,
EXCELINDUS,EQ,INE369A01029,2023-09-07,dividend,11.25,
GSFC,EQ,INE026A01017,2023-09-07,dividend,10.0,
JTLIND,EQ,INE391J01024,2023-09-07,bonus,0.5,Bonus 1:1
KOPRAN,EQ,INE082A01010,2023-09-07,dividend,3.0,
MAZDA,EQ,INE885E01034,2023-09-07,dividend,14.0,
REPCOHOME,EQ,INE612J01015,2023-09-07,dividend,2.7,
TRANSWORLD,EQ,INE757B01015,2023-09-07,dividend,1.5,
AAATECH,EQ,INE0D0U01013,2023-09-08,dividend,0.5,
AGARIND,EQ,INE204E01012,2023-09-08,dividend,2.5,
ATL,EQ,INE0NN701020,2023-09-08,dividend,0.5,
FCL,EQ,INE045J01018,2023-09-08,dividend,0.8,
GICRE,EQ,INE481Y01014,2023-09-08,dividend,7.2,
GIPCL,EQ,INE162A01010,2023-09-08,dividend,3.75,
HUDCO,EQ,INE031A07873,2023-09-08,dividend,3.1,
JAYBARMARU,EQ,INE571B01028,2023-09-08,dividend,1.75,
JBMA,EQ,INE927D01010,2023-09-08,dividend,1.3,
JOCIL,EQ,INE839G01010,2023-09-08,dividend,2.5,
KANPRPLA,EQ,INE694E01014,2023-09-08,dividend,0.5,
LODHA,EQ,INE670K01029,2023-09-08,dividend,1.0,
MAXHEALTH,EQ,INE027H01010,2023-09-08,dividend,1.0,
MOIL,EQ,INE490G01020,2023-09-08,dividend,0.69,
NACLIND,EQ,INE295D01020,2023-09-08,dividend,0.25,
NAHARCAP,EQ,INE049I01012,2023-09-08,dividend,1.5,
NAHARPOLY,EQ,INE308A01027,2023-09-08,dividend,1.5,
NAHARSPING,EQ,INE290A01027,2023-09-08,dividend,1.5,
NIACL,EQ,INE470Y01017,2023-09-08,dividend,1.93,
POLYPLEX,EQ,INE633B01018,2023-09-08,dividend,3.0,
PPAP,EQ,INE095I01015,2023-09-08,dividend,0.5,
REMSONSIND,EQ,INE474C01015,2023-09-08,dividend,1.5,
RESPONIND,EQ,INE688D01026,2023-09-08,dividend,0.1,
RITES,EQ,INE320J01015,2023-09-08,dividend,6.0,
RSWM,EQ,INE611A01016,2023-09-08,dividend,5.0,
SARDAEN,EQ,INE385C01013,2023-09-08,dividend,0.75,
TAJGVK,EQ,INE586B01026,2023-09-08,dividend,1.0,
TATVA,EQ,INE0GK401011,2023-09-08,dividend,2.0,
VENKEYS,EQ,INE398A01010,2023-09-08,dividend,6.0,
WEALTH,EQ,INE658T01017,2023-09-08,dividend,3.0,
ZENTEC,EQ,INE251B01027,2023-09-08,dividend,0.2,
ADFFOODS,EQ,INE982B01019,2023-09-11,split,0.2,Face Value Split (Sub-Division) - From Rs 10/- Per Share To Rs 2/- Per Share
ASAHIINDIA,EQ,INE439A01020,2023-09-11,dividend,2.0,
DBL,EQ,INE917M01012,2023-09-11,dividend,0.1,
GARFIBRES,EQ,INE276A01018,2023-09-11,dividend,3.5,
GUJENERGY,EQ,INE844O01030,2023-09-11,dividend,6.65,
HISARMETAL,EQ,INE598C01011,2023-09-11,dividend,1.0,
JHS,EQ,INE544H01014,2023-09-11,scheme,,Demerger
LANDMARK,EQ,INE559R01029,2023-09-11,dividend,2.25,
MANORAMA,EQ,INE00VM01010,2023-09-11,dividend,2.0,
NITINSPIN,EQ,INE229H01012,2023-09-11,dividend,2.5,
POKARNA,EQ,INE637C01017,2023-09-11,dividend,0.6,
PREMIERPOL,EQ,INE247401016,2023-09-11,dividend,0.5,
STERTOOLS,EQ,INE334A01015,2023-09-11,dividend,2.0,
AIAENG,EQ,INE212H01026,2023-09-12,dividend,16.0,
DVL,EQ,INE477B01010,2023-09-12,dividend,3.0,
JWL,EQ,INE209L01016,2023-09-12,dividend,0.5,
MSTCLTD,EQ,INE255X01014,2023-09-12,dividend,3.2,
POWERGRID,EQ,INE752E01010,2023-09-12,bonus,0.75,Bonus 1:3
SKIPPER,EQ,INE439E01022,2023-09-12,dividend,0.1,
ALICON,EQ,INE062D01024,2023-09-13,dividend,3.75,
COMPUSOFT,EQ,INE453B01029,2023-09-13,dividend,0.4,
DVL,EQ,INE477B01010,2023-09-13,dividend,5.0,
GOKEX,EQ,INE887G01027,2023-09-13,dividend,1.0,
HESTERBIO,EQ,INE782E01017,2023-09-13,dividend,8.0,
HGS,EQ,INE170I01016,2023-09-13,dividend,2.5,
KALYANIFRG,EQ,INE314G01014,2023-09-13,dividend,3.0,
ORICONENT,EQ,INE730A01022,2023-09-13,dividend,0.5,
SANDUMA,EQ,INE149K01016,2023-09-13,dividend,5.0,
VIJAYA,EQ,INE043W01024,2023-09-13,dividend,1.0,
AMRUTANJAN,EQ,INE098F01015,2023-09-14,dividend,2.6,
BAJAJELEC,EQ,INE193E01025,2023-09-14,scheme,,Demerger
BLS,EQ,INE153T01019,2023-09-14,dividend,0.25,
CAPLIPOINT,EQ,INE475E01018,2023-09-14,dividend,2.5,
DHUNINV,EQ,INE320L01011,2023-09-14,dividend,2.5,
GANECOS,EQ,INE845D01014,2023-09-14,dividend,2.0,
GOCLCORP,EQ,INE077F01035,2023-09-14,dividend,5.0,
JKIL,EQ,INE576I01014,2023-09-14,dividend,3.5,
LAMBODHARA,EQ,INE112F01014,2023-09-14,dividend,0.75,
MANAKSIA,EQ,INE015D01022,2023-09-14,dividend,3.0,
MURUDCERA,EQ,INE692B01014,2023-09-14,dividend,0.5,
PAISALO,EQ,INE420C01042,2023-09-14,dividend,0.1,
PRESTIGE,EQ,INE811K01011,2023-09-14,dividend,1.5,
RADICO,EQ,INE944F01028,2023-09-14,dividend,3.0,
REFEX,EQ,INE056I01017,2023-09-14,dividend,2.0,
RELCHEMQ,EQ,INE750D01016,2023-09-14,dividend,2.5,
RHIM,EQ,INE743M01012,2023-09-14,dividend,2.5,
SANDHAR,EQ,INE278H01035,2023-09-14,dividend,2.5,
TPLPLASTEH,EQ,INE413G01014,2023-09-14,dividend,0.6,
TVTODAY,EQ,INE038F01029,2023-09-14,dividend,3.0,
VADILALIND,EQ,INE694D01016,2023-09-14,dividend,1.5,
AARVI,EQ,INE754X01016,2023-09-15,dividend,2.0,
ANDHRSUGAR,EQ,INE715B01013,2023-09-15,dividend,2.0,
APOLLOPIPE,EQ,INE126J01016,2023-09-15,dividend,0.6,
ARIHANTSUP,EQ,INE643K01018,2023-09-15,dividend,0.5,
BIGBLOC,EQ,INE412U01017,2023-09-15,dividend,0.4,
CANTABIL,EQ,INE068L01016,2023-09-15,dividend,2.5,
CSLFINANCE,EQ,INE718F01018,2023-09-15,dividend,2.5,
DPSCLTD,EQ,INE360C01016,2023-09-15,dividend,0.05,
EKC,EQ,INE184H01027,2023-09-15,dividend,0.7,
ELDEHSG,EQ,INE668G01021,2023-09-15,dividend,8.0,
ENIL,EQ,INE265F01028,2023-09-15,dividend,1.0,
GRSE,EQ,INE382Z01011,2023-09-15,dividend,0.7,
HBLENGINE,EQ,INE292B01021,2023-09-15,dividend,0.45,
HMAAGRO,EQ,INE0ECP01016,2023-09-15,dividend,3.0,
ICEMAKE,EQ,INE520Y01019,2023-09-15,dividend,1.8,
INDOTHAI,EQ,INE337M01013,2023-09-15,dividend,0.6,
INDRAMEDCO,EQ,INE681B01017,2023-09-15,dividend,3.0,
IRFC,EQ,INE053F07520,2023-09-15,dividend,0.7,
JSL,EQ,INE220G01021,2023-09-15,dividend,1.5,
KRSNAA,EQ,INE08LI01020,2023-09-15,dividend,2.75,
LINCOLN,EQ,INE405C01035,2023-09-15,dividend,1.5,
MACPOWER,EQ,INE155Z01011,2023-09-15,dividend,1.5,
MANALIPETC,EQ,INE201A01024,2023-09-15,dividend,0.75,
MCX,EQ,INE745G01035,2023-09-15,dividend,19.09,
MONARCH,EQ,INE903D01011,2023-09-15,dividend,1.0,
NATIONALUM,EQ,INE139A01026,2023-09-15,dividend,1.0,
NCLIND,EQ,INE732C01016,2023-09-15,dividend,1.5,
NDGL,EQ,INE756C01015,2023-09-15,dividend,2.5,
PHOENIXLTD,EQ,INE211B01039,2023-09-15,dividend,5.0,
POCL,EQ,INE063E01046,2023-09-15,dividend,5.0,
RUSHIL,EQ,INE573K01017,2023-09-15,dividend,0.5,
SALASAR,EQ,INE170V01019,2023-09-15,dividend,0.1,
SANGAMIND,EQ,INE495C01010,2023-09-15,dividend,2.0,
SARVESHWAR,EQ,INE324X01018,2023-09-15,split,0.1,Face Value Split (Sub-Division) - From Rs 10/- Per Share To Re 1/- Per Share
SARVESHWAR,EQ,INE324X01018,2023-09-15,bonus,0.3333333333333333,Bonus 2:1
SPAL,EQ,INE212I01016,2023-09-15,dividend,3.0,
SPECIALITY,EQ,INE247M01014,2023-09-15,dividend,2.5,
STARPAPER,EQ,INE733A01018,2023-09-15,dividend,3.5,
STARPAPER,EQ,INE733A01018,2023-09-15,dividend,1.5,
SUPERHOUSE,EQ,INE712B01010,2023-09-15,dividend,1.0,
SUPRIYA,EQ,INE07RO01027,2023-09-15,dividend,0.6,
TALBROAUTO,EQ,INE187D01011,2023-09-15,dividend,2.0,
TECHNOE,EQ,INE285K01026,2023-09-15,dividend,6.0,
UTTAMSUGAR,EQ,INE786F01031,2023-09-15,dividend,2.5,
VARDHACRLC,EQ,INE116G01013,2023-09-15,dividend,2.5,
VHL,EQ,INE701A01023,2023-09-15,dividend,5.0,
VSSL,EQ,INE050M01012,2023-09-15,dividend,2.0,
VTL,EQ,INE825A01012,2023-09-15,dividend,3.5,
ACUTAAS,EQ,INE00FF01025,2023-09-18,dividend,3.0,
BALPHARMA,EQ,INE083D01012,2023-09-18,dividend,1.0,
BEARDSELL,EQ,INE520H01014,2023-09-18,dividend,0.1,
CCAVENUE,EQ,INE483S01020,2023-09-18,dividend,0.05,
CNL,EQ,INE985W01018,2023-09-18,dividend,0.5,
CONCOR,EQ,INE111A01017,2023-09-18,dividend,2.0,
CUPID,EQ,INE509F01011,2023-09-18,dividend,3.0,
DEEPINDS,EQ,INE0FHS01016,2023-09-18,dividend,1.85,
DONEAR,EQ,INE668D01028,2023-09-18,dividend,0.2,
EDELWEISS,EQ,INE532F01047,2023-09-18,dividend,1.25,
GEEKAYWIRE,EQ,INE669X01016,2023-09-18,dividend,2.7,
GLENMARK,EQ,INE935A01035,2023-09-18,dividend,2.5,
GNFC,EQ,INE113A01013,2023-09-18,dividend,30.0,
GUJALKALI,EQ,INE186A01019,2023-09-18,dividend,23.55,
HIKAL,EQ,INE475B01014,2023-09-18,dividend,0.6,
INDOCO,EQ,INE873D01016,2023-09-18,dividend,2.25,
JBCHEPHARM,EQ,INE572A01028,2023-09-18,split,0.5,Face Value Split (Sub-Division) - From Rs 2/- Per Share To Re 1/- Per Share
KAKATCEM,EQ,INE437B01014,2023-09-18,dividend,3.0,
LGBBROSLTD,EQ,INE337A01034,2023-09-18,dividend,16.0,
LOTUSEYE,EQ,INE947I01017,2023-09-18,dividend,0.5,
MAITHANALL,EQ,INE683C01011,2023-09-18,dividend,6.0,
MANGCHEFER,EQ,INE558B01017,2023-09-18,dividend,1.5,
MARATHON,EQ,INE182D01012,2023-09-18,dividend,1.0,
MASTEK,EQ,INE759A01021,2023-09-18,dividend,12.0,
MBAPL,EQ,INE900L01010,2023-09-18,dividend,0.5,
MOLDTECH,EQ,INE835B01035,2023-09-18,dividend,1.4,
MOLDTKPAC,EQ,INE893J01011,2023-09-18,dividend,2.0,
NLCINDIA,EQ,INE589A01014,2023-09-18,dividend,2.0,
ORIENTCER,EQ,INE569C01020,2023-09-18,dividend,0.25,
PARADEEP,EQ,INE088F01024,2023-09-18,dividend,0.5,
PKTEA,EQ,INE431F01018,2023-09-18,dividend,0.5,
PPL,EQ,INE050001010,2023-09-18,dividend,1.2,
ROHLTD,EQ,INE283H01019,2023-09-18,dividend,2.0,
SADHNANIQ,EQ,INE888C01040,2023-09-18,dividend,0.15,
SAMMAANCAP,EQ,INE148I01020,2023-09-18,dividend,1.25,
SBC,EQ,INE04AK01010,2023-09-18,dividend,0.05,
SBCL,EQ,INE386D01027,2023-09-18,dividend,0.7,
SCHAND,EQ,INE807K01035,2023-09-18,dividend,3.0,
SHARDAMOTR,EQ,INE597I01010,2023-09-18,dividend,17.27,
SRHHYPOLTD,EQ,INE917H01012,2023-09-18,dividend,4.0,
STARTECK,EQ,INE992I01013,2023-09-18,dividend,0.25,
SUPRAJIT,EQ,INE399C01030,2023-09-18,dividend,1.25,
TEXINFRA,EQ,INE435C01024,2023-09-18,dividend,0.15,
TEXRAIL,EQ,INE621L01012,2023-09-18,dividend,0.15,
TIMETECHNO,EQ,INE508G01029,2023-09-18,dividend,1.25,
TNPETRO,EQ,INE148A01019,2023-09-18,dividend,1.5,
TNPL,EQ,INE107A01015,2023-09-18,dividend,5.0,
TRU,EQ,INE615R01029,2023-09-18,dividend,0.01,
VENUSPIPES,EQ,INE0JA001018,2023-09-18,dividend,0.5,
63MOONS,EQ,INE111B01023,2023-09-20,dividend,2.0,
AKSHARCHEM,EQ,INE542B01011,2023-09-20,dividend,0.5,
ARROWGREEN,EQ,INE570D01018,2023-09-20,dividend,1.0,
BALMLAWRIE,EQ,INE164A01016,2023-09-20,dividend,7.5,
BDL,EQ,INE171Z01018,2023-09-20,dividend,1.2,
BEML,EQ,INE258A01016,2023-09-20,dividend,5.0,
CENTURYPLY,EQ,INE348B01021,2023-09-20,dividend,1.0,
ESTER,EQ,INE778B01029,2023-09-20,dividend,0.5,
FILATEX,EQ,INE816B01019,2023-09-20,dividend,0.15,
GRWRHITECH,EQ,INE291A01017,2023-09-20,dividend,10.0,
HEIDELBERG,EQ,INE578A01017,2023-09-20,dividend,7.0,
HINDWAREAP,EQ,INE05AN01011,2023-09-20,dividend,0.5,
INDOAMIN,EQ,INE760F01028,2023-09-20,dividend,0.5,
ITDC,EQ,INE353K01014,2023-09-20,dividend,2.2,
KCPSUGIND,EQ,INE790B01024,2023-09-20,dividend,0.2,
LIKHITHA,EQ,INE060901019,2023-09-20,dividend,1.5,
MAZDOCK,EQ,INE249Z01012,2023-09-20,dividend,6.86,
MEDICAMEQ,EQ,INE646B01010,2023-09-20,dividend,1.0,
NIPPOBATRY,EQ,INE567A01010,2023-09-20,dividend,5.0,
PTC,EQ,INE877F01012,2023-09-20,dividend,7.8,
RUBYMILLS,EQ,INE301D01018,2023-09-20,dividend,1.25,
RVNL,EQ,INE415G01027,2023-09-20,dividend,0.36,
SAIL,EQ,INE114A01011,2023-09-20,dividend,0.5,
SKYGOLD,EQ,INE01IU01018,2023-09-20,dividend,1.0,
SPIC,EQ,INE147A01011,2023-09-20,dividend,1.5,
STEELCITY,EQ,INE395H01011,2023-09-20,dividend,1.0,
SUNTECK,EQ,INE805D01026,2023-09-20,dividend,1.5,
ASAHISONG,EQ,INE228I01012,2023-09-21,dividend,0.5,
ASHIANA,EQ,INE365D01013,2023-09-21,dividend,0.5,
AVG,EQ,INE680Z01018,2023-09-21,dividend,1.0,
BSL,EQ,INE594B01012,2023-09-21,dividend,1.5,
CARYSIL,EQ,INE482D01024,2023-09-21,dividend,2.0,
CLSEL,EQ,INE419D01026,2023-09-21,dividend,1.0,
COASTCORP,EQ,INE377E01016,2023-09-21,dividend,1.35,
COCHINSHIP,EQ,INE704P01017,2023-09-21,dividend,3.0,
CPCAP,EQ,INE521J01018,2023-09-21,dividend,1.0,
FORCEMOT,EQ,INE451A01017,2023-09-21,dividend,10.0,
GENUSPOWER,EQ,INE955D01011,2023-09-21,dividend,0.75,
GUFICBIO,EQ,INE742B01025,2023-09-21,dividend,0.1,
HARSHA,EQ,INE0JUS01029,2023-09-21,dividend,1.0,
HITECHGEAR,EQ,INE127B01011,2023-09-21,dividend,2.5,
HLEGLAS,EQ,INE461D01010,2023-09-21,dividend,1.1,
KRISHANA,EQ,INE506W01012,2023-09-21,dividend,0.5,
LAOPALA,EQ,INE059D01012,2023-09-21,dividend,3.0,
LTFOODS,EQ,INE818H01020,2023-09-21,dividend,0.5,
NGIL,EQ,INE236Y01012,2023-09-21,dividend,0.15,
OLECTRA,EQ,INE260D01016,2023-09-21,dividend,0.4,
PATANJALI,EQ,INE619A01035,2023-09-21,dividend,6.0,
PFC,EQ,INE134E01011,2023-09-21,bonus,0.8,Bonus 1:4
POLYMED,EQ,INE205C01013,2023-09-21,dividend,3.0,
POWERMECH,EQ,INE211R01019,2023-09-21,dividend,2.0,
SHAKTIPUMP,EQ,INE908D01010,2023-09-21,dividend,2.0,
SJVN,EQ,INE002L01015,2023-09-21,dividend,0.62,
SWANCORP,EQ,INE665A01038,2023-09-21,dividend,0.1,
TI,EQ,INE133E01013,2023-09-21,dividend,0.25,
ZUARIIND,EQ,INE217A01012,2023-09-21,dividend,1.0,
AARTECH,EQ,INE01C001018,2023-09-22,dividend,0.5,
AHLADA,EQ,INE00PV01013,2023-09-22,dividend,1.4,
AHLUCONT,EQ,INE758C01029,2023-09-22,dividend,0.4,
ALPHAGEO,EQ,INE137C01018,2023-09-22,dividend,8.0,
AMBIKCO,EQ,INE540G01014,2023-09-22,dividend,35.0,
APEX,EQ,INE346W01013,2023-09-22,dividend,2.5,
APOLLO,EQ,INE713T01010,2023-09-22,dividend,0.025,
APOLSINHOT,EQ,INE451F01016,2023-09-22,dividend,1.5,
ARIES,EQ,INE298I01015,2023-09-22,dividend,1.0,
ATAM,EQ,INE09KD01013,2023-09-22,dividend,1.5,
AURIONPRO,EQ,INE132H01018,2023-09-22,dividend,2.5,
AUSOMENT,EQ,INE218C01016,2023-09-22,dividend,0.5,
BAJAJHCARE,EQ,INE411U01027,2023-09-22,dividend,1.0,
BBTC,EQ,INE050A01017,2023-09-22,dividend,1.2,
BBTCL,EQ,INE01EE01011,2023-09-22,dividend,1.0,
BCLIND,EQ,INE412G01016,2023-09-22,dividend,5.0,
BECTORFOOD,EQ,INE495P01012,2023-09-22,dividend,1.75,
BERGEPAINT,EQ,INE463A01020,2023-09-22,bonus,0.8333333333333334,Bonus 1:5
BHANDARI,EQ,INE474E01029,2023-09-22,dividend,0.01,
BHANDARI,EQ,INE474E01029,2023-09-22,rights,,Rights 3:26 @ Premium Rs 3.50/-
BODALCHEM,EQ,INE338D01028,2023-09-22,dividend,0.1,
BTML,EQ,INE0EEJ01015,2023-09-22,dividend,0.5,
CONFIPET,EQ,INE552D01024,2023-09-22,dividend,0.1,
CYBERTECH,EQ,INE214A01019,2023-09-22,dividend,2.0,
DATAMATICS,EQ,INE365B01017,2023-09-22,dividend,3.75,
DATAMATICS,EQ,INE365B01017,2023-09-22,dividend,1.25,
DCW,EQ,INE500A01029,2023-09-22,dividend,0.3,
DECCANCE,EQ,INE583C01013,2023-09-22,dividend,3.75,
DEVIT,EQ,INE060X01018,2023-09-22,dividend,0.25,
DIXON,EQ,INE935N01012,2023-09-22,dividend,3.0,
DPABHUSHAN,EQ,INE266Y01019,2023-09-22,dividend,1.0,
DPWIRES,EQ,INE864X01013,2023-09-22,dividend,1.2,
ELIN,EQ,INE050401020,2023-09-22,dividend,1.0,
FACT,EQ,INE188A01015,2023-09-22,dividend,1.0,
FINCABLES,EQ,INE235A01022,2023-09-22,dividend,7.0,
FLUOROCHEM,EQ,INE09N301011,2023-09-22,dividend,2.0,
GENCON,EQ,INE854S01022,2023-09-22,dividend,0.05,
GMDCLTD,EQ,INE131A01031,2023-09-22,dividend,11.45,
GOODLUCK,EQ,INE127I01024,2023-09-22,dividend,2.5,
GTPL,EQ,INE869I01013,2023-09-22,dividend,4.0,
GUJAPOLLO,EQ,INE826C01016,2023-09-22,dividend,2.0,
GULPOLY,EQ,INE255D01016,2023-09-22,dividend,0.5,
HALEOSLABS,EQ,INE320X01016,2023-09-22,dividend,1.5,
HFCL,EQ,INE548A01028,2023-09-22,dividend,0.2,
HINDCOMPOS,EQ,INE310C01011,2023-09-22,dividend,2.0,
HINDCOPPER,EQ,INE531E01026,2023-09-22,dividend,0.92,
HITECH,EQ,INE106T01017,2023-09-22,dividend,0.025,
HPL,EQ,INE495S01016,2023-09-22,dividend,1.0,
INTENTECH,EQ,INE781A01025,2023-09-22,dividend,0.5,
INTLCONV,EQ,INE575C01027,2023-09-22,dividend,1.1,
JASH,EQ,INE039O01011,2023-09-22,dividend,4.0,
JASH,EQ,INE039O01011,2023-09-22,dividend,2.0,
JINDALPOLY,EQ,INE197D01010,2023-09-22,dividend,4.3,
KDDL,EQ,INE291D01011,2023-09-22,dividend,2.0,
KEYFINSERV,EQ,INE681C01015,2023-09-22,dividend,1.0,
KITEX,EQ,INE602G01020,2023-09-22,dividend,1.5,
KNRCON,EQ,INE634I01011,2023-09-22,dividend,0.25,
LUXIND,EQ,INE150G01012,2023-09-22,dividend,5.0,
MIDHANI,EQ,INE099Z01011,2023-09-22,dividend,1.67,
NFL,EQ,INE870D01012,2023-09-22,dividend,1.26,
NRBBEARING,EQ,INE349A01021,2023-09-22,dividend,1.0,
OMINFRAL,EQ,INE239D01028,2023-09-22,dividend,0.5,
PAKKA,EQ,INE551D01018,2023-09-22,dividend,2.4,
PIGL,EQ,INE557Z01018,2023-09-22,dividend,0.2,
PNCINFRA,EQ,INE195J01011,2023-09-22,dividend,0.5,
PREMEXPLN,EQ,INE863B01011,2023-09-22,dividend,1.7,
RICOAUTO,EQ,INE209B01025,2023-09-22,dividend,0.75,
RUCHIRA,EQ,INE803H01014,2023-09-22,dividend,5.0,
SAKUMA,EQ,INE190H01016,2023-09-22,dividend,0.05,
SATIA,EQ,INE170E01015,2023-09-22,dividend,0.2,
SERVOTECH,EQ,INE782X01017,2023-09-22,dividend,0.2,
SHIVALIK,EQ,INE788J01021,2023-09-22,dividend,0.5,
SHREEPUSHK,EQ,INE712K01011,2023-09-22,dividend,1.5,
SIGIND,EQ,INE529F01035,2023-09-22,dividend,0.5,
SIGMA,EQ,INE0A0S01010,2023-09-22,dividend,0.5,
SMSPHARMA,EQ,INE812G01017,2023-09-22,dividend,0.3,
SOTL,EQ,INE035D01012,2023-09-22,dividend,4.0,
SOUTHWEST,EQ,INE980Y01015,2023-09-22,dividend,0.5,
TITAGARH,EQ,INE615H01020,2023-09-22,dividend,0.5,
TOUCHWOOD,EQ,INE486Y01013,2023-09-22,dividend,0.35,
UCAL,EQ,INE139B01016,2023-09-22,dividend,2.0,
VETO,EQ,INE918N01018,2023-09-22,dividend,1.0,
VIDHIING,EQ,INE632C01026,2023-09-22,dividend,0.4,
VLSFINANCE,EQ,INE709A01018,2023-09-22,dividend,1.5,
WINDMACHIN,EQ,INE052A01021,2023-09-22,dividend,1.0,
WIPL,EQ,INE215F01023,2023-09-22,dividend,1.0,
ZOTA,EQ,INE358U01012,2023-09-22,dividend,1.0,
SEMAC,EQ,INE617A01013,2023-09-27,dividend,5.0,
BAJAJHLDNG,EQ,INE118A01012,2023-09-28,dividend,110.0,
HAL,EQ,INE066F01012,2023-09-28,split,0.5,Face Value Split (Sub-Division) - From Rs 10/- Per Share To Rs 5/- Per Share
HPIL,EQ,INE05X901010,2023-09-28,dividend,0.5,
MAHSCOOTER,EQ,INE288A01013,2023-09-28,dividend,110.0,
MARSHALL,EQ,INE00SZ01018,2023-09-28,rights,,Rights 7:10 @ Premium Rs 34.80/-
VERTIS,IV,INE0KXY23015,2023-09-28,rights,,Rights 10:63
ACCELYA,EQ,INE793A01012,2023-10-06,dividend,30.0,
FOCUS,EQ,INE593W01010,2023-10-06,split,0.2,Face Value Split (Sub-Division) - From Rs 10/- Per Share To Rs 2/- Per Share
SURYAROSNI,EQ,INE335A01012,2023-10-06,split,0.5,Face Value Split (Sub-Division) - From Rs 10/- Per Share To Rs 5/- Per Share
SIGACHI,EQ,INE0D0K01014,2023-10-09,split,0.1,Face Value Split (Sub-Division) - From Rs 10/- Per Share To Re 1/- Per Share
THEMISMED,EQ,INE083B01016,2023-10-10,split,0.1,Face Value Split (Sub-Division) - From Rs 10/- Per Share To Re 1/- Per Share
ALIVUS,EQ,INE03Q201024,2023-10-17,dividend,22.5,
GENSOL,EQ,INE06H201014,2023-10-17,bonus,0.3333333333333333,Bonus 2:1
BCONCEPTS,EQ,INE977Y01011,2023-10-19,dividend,0.5,
SEMAC,EQ,INE617A01013,2023-10-19,dividend,5.0,
TCS,EQ,INE467B01029,2023-10-19,dividend,9.0,
ANANDRATHI,EQ,INE463V01026,2023-10-20,dividend,5.0,
ANGELONE,EQ,INE732I01013,2023-10-20,dividend,12.7,
DALBHARAT,EQ,INE00R701025,2023-10-20,dividend,4.0,
HCLTECH,EQ,INE860A01027,2023-10-20,dividend,12.0,
KPIGREEN,EQ,INE542W01017,2023-10-20,dividend,0.25,
MBAPL,EQ,INE900L01010,2023-10-20,bonus,0.5,Bonus 1:1
GEEKAYWIRE,EQ,INE669X01016,2023-10-23,split,0.2,Face Value Split (Sub-Division) - From Rs 10/- Per Share To Rs 2/- Per Share
INFY,EQ,INE009A01021,2023-10-25,dividend,18.0,
KRISHANA,EQ,INE506W01012,2023-10-25,bonus,0.5,Bonus 1:1
JAYBARMARU,EQ,INE571B01028,2023-10-26,split,0.4,Face Value Split (Sub-Division) - From Rs 5/- Per Share To Rs 2/- Per Share
KSOLVES,EQ,INE0D6I01015,2023-10-26,dividend,7.0,
TCIEXP,EQ,INE586V01016,2023-10-26,dividend,3.0,
ASTRAL,EQ,INE006I01012,2023-10-27,dividend,1.5,
BCLIND,EQ,INE412G01016,2023-10-27,split,0.1,Face Value Split (Sub-Division) - From Rs 10/- Per Share To Re 1/- Per Share
ICICIGI,EQ,INE765G01017,2023-10-27,dividend,5.0,
ISEC,EQ,INE763G01038,2023-10-27,dividend,12.0,
JSL,EQ,INE220G01021,2023-10-27,dividend,1.0,
LTM,EQ,INE214T01019,2023-10-27,dividend,20.0,
LTTS,EQ,INE010V01017,2023-10-27,dividend,17.0,
TALBROAUTO,EQ,INE187D01011,2023-10-27,split,0.2,Face Value Split (Sub-Division) - From Rs 10/- Per Share To Rs 2/- Per Share
HAPPSTMNDS,EQ,INE419U01012,2023-10-30,dividend,2.5,
RKFORGE,EQ,INE399G01015,2023-10-30,dividend,1.0,
BALKRISIND,EQ,INE787D01018,2023-10-31,dividend,4.0,
ELECON,EQ,INE205B01023,2023-10-31,dividend,1.0,
SASKEN,EQ,INE231F01020,2023-10-31,dividend,12.0,
SHREMINVIT,IV,INE0GTI23014,2023-10-31,dividend,0.55,
STYRENIX,EQ,INE189B01011,2023-10-31,dividend,22.0,
TIPSMUSIC,EQ,INE716B01029,2023-10-31,dividend,2.0,
CYIENT,EQ,INE136B01020,2023-11-01,dividend,12.0,
MITTAL,EQ,INE997Y01019,2023-11-01,split,0.1,Face Value Split (Sub-Division) - From Rs 10/- Per Share To Re 1/- Per Share
NESTLEIND,EQ,INE239A01016,2023-11-01,dividend,140.0,
BEPL,EQ,INE922A01025,2023-11-02,dividend,1.0,
CANTABIL,EQ,INE068L01016,2023-11-02,split,0.2,Face Value Split (Sub-Division) - From Rs 10/- Per Share To Rs 2/- Per Share
COFORGE,EQ,INE591G01017,2023-11-02,dividend,19.0,
HINDUNILVR,EQ,INE030A01027,2023-11-02,dividend,18.0,
KAJARIACER,EQ,INE217B01028,2023-11-02,dividend,6.0,
LAURUSLABS,EQ,INE947Q01010,2023-11-02,dividend,0.4,
SHAREINDIA,EQ,INE932X01018,2023-11-02,dividend,3.0,
TECHM,EQ,INE669C01028,2023-11-02,dividend,12.0,
ASIANPAINT,EQ,INE021A01018,2023-11-03,dividend,5.15,
EMBASSY,RR,INE041025011,2023-11-03,dividend,2.3,
NTPC,EQ,INE733E01010,2023-11-03,dividend,2.25,
RAILTEL,EQ,INE0DD101019,2023-11-03,dividend,1.0,
ROUTE,EQ,INE450U01017,2023-11-03,dividend,3.0,
SYMPHONY,EQ,INE225D01019,2023-11-03,dividend,2.0,
COLPAL,EQ,INE259A01022,2023-11-06,dividend,22.0,
IRB,EQ,INE821I01014,2023-11-06,dividend,0.1,
MINDSPACE,RR,INE0CCU25019,2023-11-06,dividend,4.3,
MPSLTD,EQ,INE943D01017,2023-11-06,dividend,30.0,
SHRIRAMFIN,EQ,INE721A01013,2023-11-06,dividend,20.0,
DBCORP,EQ,INE950I01011,2023-11-07,dividend,2.0,
MARICO,EQ,INE196A01026,2023-11-07,dividend,3.0,
OCCL,EQ,INE321D01016,2023-11-07,dividend,7.0,
SIYSIL,EQ,INE076B01010,2023-11-07,dividend,4.0,
SONATSOFTW,EQ,INE269A01021,2023-11-07,dividend,7.0,
SUPREMEIND,EQ,INE195A01010,2023-11-07,dividend,8.0,
TCI,EQ,INE688A01022,2023-11-07,dividend,2.5,
VAIBHAVGBL,EQ,INE884A01019,2023-11-07,dividend,1.5,
VENUSPIPES,EQ,INE0JA001018,2023-11-07,dividend,0.5,
BIGBLOC,EQ,INE412U01017,2023-11-08,dividend,0.2,
BSOFT,EQ,INE836A01035,2023-11-08,dividend,2.5,
DPWIRES,EQ,INE864X01013,2023-11-08,bonus,0.875,Bonus 1:7
GESHIP,EQ,INE017A01032,2023-11-08,dividend,6.3,
OBEROIRLTY,EQ,INE093I01010,2023-11-08,dividend,2.0,
RITES,EQ,INE320J01015,2023-11-08,dividend,4.5,
SPLPETRO,EQ,INE663A01025,2023-11-08,dividend,2.0,
GODREJCP,EQ,INE102D01028,2023-11-09,dividend,5.0,
HPAL,EQ,INE0GSL01016,2023-11-09,split,0.2,Face Value Split (Sub-Division) - From Rs 10/- Per Share To Rs 2/- Per Share
NAM-INDIA,EQ,INE298J01013,2023-11-09,dividend,5.5,
360ONE,EQ,INE466L01020,2023-11-10,dividend,4.0,
ADFFOODS,EQ,INE982B01019,2023-11-10,dividend,4.0,
ALLDIGI,EQ,INE835G01018,2023-11-10,dividend,30.0,
ARE&M,EQ,INE885A01032,2023-11-10,dividend,4.8,
CARERATING,EQ,INE752H01013,2023-11-10,dividend,7.0,
DABUR,EQ,INE016A01026,2023-11-10,dividend,2.75,
HINDCON,EQ,INE642Y01011,2023-11-10,split,0.2,Face Value Split (Sub-Division) - From Rs 10/- Per Share To Rs 2/- Per Share
IMFA,EQ,INE919H01018,2023-11-10,dividend,7.5,
INSECTICID,EQ,INE070I01018,2023-11-10,dividend,3.0,
IOC,EQ,INE242A01010,2023-11-10,dividend,5.0,
IRFC,EQ,INE053F07520,2023-11-10,dividend,0.8,
MKPL,EQ,INE964W01013,2023-11-10,split,0.1,Face Value Split (Sub-Division) - From Rs 10/- Per Share To Re 1/- Per Share
NAVINFLUOR,EQ,INE048G01018,2023-11-10,dividend,5.0,
NAVINFLUOR,EQ,INE048G01018,2023-11-10,dividend,3.0,
NIITLTD,EQ,INE161A01038,2023-11-10,dividend,0.5,
NIITMTS,EQ,INE342G01023,2023-11-10,dividend,2.5,
PETRONET,EQ,INE347G01014,2023-11-10,dividend,7.0,
SAFARI,EQ,INE429E01023,2023-11-10,dividend,2.5,
SURYAROSNI,EQ,INE335A01012,2023-11-10,dividend,2.5,
AXITA,EQ,INE02EZ01014,2023-11-13,dividend,0.1,
RECLTD,EQ,INE020B01018,2023-11-13,dividend,3.5,
AEROENTER,EQ,INE065D01027,2023-11-15,dividend,0.15,
CHAMBLFERT,EQ,INE085A01013,2023-11-15,dividend,4.5,
EMAMILTD,EQ,INE548C01024,2023-11-15,dividend,4.0,
IGL,EQ,INE203G01019,2023-11-15,dividend,4.0,
PDSL,EQ,INE111Q01013,2023-11-15,dividend,1.6,
STEELCAS,EQ,INE124E01020,2023-11-15,dividend,1.35,
ATALREAL,EQ,INE0ALR01011,2023-11-16,split,0.2,Face Value Split (Sub-Division) - From Rs 10/- Per Share To Rs 2/- Per Share
BAYERCROP,EQ,INE462A01022,2023-11-16,dividend,105.0,
CIGNITITEC,EQ,INE675C01017,2023-11-16,dividend,3.0,
CONCOR,EQ,INE111A01017,2023-11-16,dividend,3.0,
MSTCLTD,EQ,INE255X01014,2023-11-16,dividend,5.5,
POWERGRID,EQ,INE752E01010,2023-11-16,dividend,4.0,
SAKSOFT,EQ,INE667G01015,2023-11-16,dividend,0.4,
SUNDRMFAST,EQ,INE387A01021,2023-11-16,dividend,2.68,
ACI,EQ,INE128X01021,2023-11-17,dividend,1.0,
AXITA,EQ,INE02EZ01014,2023-11-17,dividend,0.1,
CAMS,EQ,INE596I01012,2023-11-17,dividend,10.0,
CROWN,EQ,INE491V01019,2023-11-17,dividend,0.4,
GABRIEL,EQ,INE524A01029,2023-11-17,dividend,1.5,
IRCTC,EQ,INE335Y01012,2023-11-17,dividend,2.5,
JAMNAAUTO,EQ,INE039C01016,2023-11-17,dividend,1.1,
MANINFRA,EQ,INE949H01015,2023-11-17,dividend,0.36,
METROPOLIS,EQ,INE112L01020,2023-11-17,dividend,4.0,
MRF,EQ,INE883A01011,2023-11-17,dividend,3.0,
NAUKRI,EQ,INE663F01024,2023-11-17,dividend,10.0,
NXST,RR,INE0NDH25011,2023-11-17,dividend,0.85,
PAGEIND,EQ,INE761H01022,2023-11-17,dividend,75.0,
PANAMAPET,EQ,INE305C01011,2023-11-17,dividend,3.0,
PGHH,EQ,INE179A01014,2023-11-17,dividend,105.0,
POLYPLEX,EQ,INE633B01018,2023-11-17,dividend,2.0,
PRECWIRE,EQ,INE372C01011,2023-11-17,dividend,0.3,
RAMRAT,EQ,INE207E01023,2023-11-17,dividend,2.5,
RRKABEL,EQ,INE777K01022,2023-11-17,dividend,3.0,
STYLAMIND,EQ,INE239C01020,2023-11-17,dividend,2.5,
UNITDSPR,EQ,INE854D01024,2023-11-17,dividend,4.0,
VERTIS,IV,INE0KXY23015,2023-11-17,dividend,0.2802,
VIDHIING,EQ,INE632C01026,2023-11-17,dividend,0.4,
ANURAS,EQ,INE930P01018,2023-11-20,dividend,0.5,
AUROPHARMA,EQ,INE406A01029,2023-11-20,dividend,3.0,
BALRAMCHIN,EQ,INE119A01028,2023-11-20,dividend,3.0,
COCHINSHIP,EQ,INE704P01017,2023-11-20,dividend,8.0,
DOLATALGO,EQ,INE966A01022,2023-11-20,dividend,0.15,
GMMPFAUDLR,EQ,INE541A01023,2023-11-20,dividend,1.0,
KSCL,EQ,INE455I01011,2023-11-20,dividend,5.0,
MAZDOCK,EQ,INE249Z01012,2023-11-20,dividend,15.34,
COALINDIA,EQ,INE522F01014,2023-11-21,dividend,15.25,
EIDPARRY,EQ,INE126A01023,2023-11-21,dividend,4.0,
EPL,EQ,INE255A01020,2023-11-21,dividend,2.15,
GILLETTE,EQ,INE322A01010,2023-11-21,dividend,50.0,
GPPL,EQ,INE517F01014,2023-11-21,dividend,3.6,
ONGC,EQ,INE213A01011,2023-11-21,dividend,5.75,
SENCO,EQ,INE602W01019,2023-11-21,dividend,1.0,
SUNTV,EQ,INE424H01027,2023-11-21,dividend,5.0,
VEEDOL,EQ,INE484C01030,2023-11-21,dividend,20.0,
CRISIL,EQ,INE007A01017,2023-11-22,dividend,11.0,
GLOBAL,EQ,INE291W01011,2023-11-22,dividend,1.5,
INGERRAND,EQ,INE177A01018,2023-11-22,dividend,50.0,
IPCALAB,EQ,INE571A01020,2023-11-22,dividend,2.0,
NATIONALUM,EQ,INE139A01026,2023-11-22,dividend,1.0,
OIL,EQ,INE274J01014,2023-11-22,dividend,3.5,
PGIL,EQ,INE940H01014,2023-11-22,dividend,12.5,
TDPOWERSYS,EQ,INE419M01019,2023-11-22,dividend,0.5,
AMRUTANJAN,EQ,INE098F01015,2023-11-23,dividend,1.0,
PGHL,EQ,INE199A01012,2023-11-23,dividend,50.0,
SHAILY,EQ,INE151G01010,2023-11-23,split,0.2,Face Value Split (Sub-Division) - From Rs 10/- Per Share To Rs 2/- Per Share
CPCAP,EQ,INE521J01018,2023-11-24,dividend,1.0,
EMSLIMITED,EQ,INE0OV601013,2023-11-24,dividend,1.0,
ESABINDIA,EQ,INE284A01012,2023-11-24,dividend,32.0,
GOLDIAM,EQ,INE025B01017,2023-11-24,dividend,1.2,
GPTINFRA,EQ,INE390G01014,2023-11-24,dividend,1.0,
MANAPPURAM,EQ,INE522D01027,2023-11-24,dividend,0.85,
NATCOPHARM,EQ,INE987B01018,2023-11-24,dividend,1.25,
PFC,EQ,INE134E01011,2023-11-24,dividend,4.5,
UNIPARTS,EQ,INE244O01017,2023-11-24,dividend,8.0,
SEPC,EQ,INE964H01014,2023-11-28,rights,,Rights 1:36 @ Premium Rs 3/-
TALBROAUTO,EQ,INE187D01011,2023-11-28,dividend,0.2,
BOROLTD,EQ,INE02PY01013,2023-12-05,scheme,,Demerger
BPCL,EQ,INE029A01011,2023-12-12,dividend,21.0,
SAFARI,EQ,INE429E01023,2023-12-12,bonus,0.5,Bonus 1:1
SONATSOFTW,EQ,INE269A01021,2023-12-12,bonus,0.5,Bonus 1:1
RCF,EQ,INE027A01015,2023-12-13,dividend,3.7,
HINDZINC,EQ,INE267A01017,2023-12-14,dividend,6.0,
LLOYDSENGG,EQ,INE093R01011,2023-12-14,rights,,Rights 1:17 @ Premium Rs 14.50/-
TPHQ,EQ,INE065J01016,2023-12-14,split,0.1,Face Value Split (Sub-Division) - From Rs 10/- Per Share To Re 1/- Per Share
TEMBO,EQ,INE869Y01010,2023-12-15,dividend,1.5,
EASEMYTRIP,EQ,INE07O001018,2023-12-19,dividend,0.1,
INTERISE,IV,INE790Z23019,2023-12-19,dividend,0.71,
KRITIKA,EQ,INE00Z501011,2023-12-19,bonus,0.3333333333333333,Bonus 2:1
AXITA,EQ,INE02EZ01014,2023-12-22,bonus,0.75,Bonus 1:3
RAJESHEXPO,EQ,INE343B01030,2023-12-22,dividend,1.0,
RSYSTEMS,EQ,INE411H01024,2023-12-22,dividend,6.8,
SMLT,EQ,INE017W01010,2023-12-22,dividend,1.0,
VEDL,EQ,INE205A01025,2023-12-27,dividend,11.0,
CANFINHOME,EQ,INE477A01012,2023-12-29,dividend,2.0,
HMAAGRO,EQ,INE0ECP01016,2023-12-29,split,0.1,Face Value Split (Sub-Division) - From Rs 10/- Per Share To Re 1/- Per Share
