year,replica_tilt,replica_ew,replica_turnover,index_tri,nifty200_tri,te_tilt,te_ew
2005,0.2801,0.3000,0.2693,0.3159,0.2876,0.0895,0.0960
2006,0.3449,0.3794,0.3624,0.4063,0.3364,0.0725,0.0786
2007,0.9899,1.0032,0.7928,1.0084,0.6556,0.0774,0.0808
2008,-0.7153,-0.6906,-0.7169,-0.6004,-0.5609,0.1512,0.1383
2009,0.6548,0.7092,0.6672,0.6906,0.8837,0.1114,0.1065
2010,0.2145,0.2313,0.1725,0.1869,0.1447,0.0571,0.0555
2011,-0.2023,-0.1958,-0.2229,-0.1607,-0.2607,0.0631,0.0645
2012,0.3458,0.3624,0.3647,0.3839,0.3263,0.0420,0.0430
2013,0.1226,0.1132,0.1184,0.1187,0.0538,0.0471,0.0494
2014,0.2468,0.3465,0.2608,0.4912,0.3718,0.0658,0.0699
2015,0.1159,0.1154,0.1322,0.0947,-0.0121,0.0562,0.0582
2016,0.0050,0.0241,0.0126,0.0964,0.0508,0.0551,0.0527
2017,0.4717,0.4985,0.4793,0.5746,0.3521,0.0501,0.0483
2018,-0.0500,-0.1133,-0.0232,-0.0166,0.0032,0.0303,0.0402
2019,0.1112,0.1015,0.1144,0.1041,0.0956,0.0199,0.0295
2020,0.1977,0.2270,0.2040,0.2235,0.1943,0.0315,0.0472
2021,0.5785,0.5785,0.5606,0.5381,0.2888,0.0243,0.0303
2022,-0.0623,-0.0647,-0.0564,-0.0545,0.0492,0.0150,0.0284
2023,0.4353,0.5081,0.4987,0.4074,0.2401,0.0215,0.0245
2024,0.2117,0.2337,0.2127,0.1936,0.1410,0.0261,0.0296
2025,-0.0416,-0.0158,-0.0062,-0.0486,0.0963,0.0224,0.0312
2026,-0.0469,-0.0130,-0.0032,-0.0040,-0.0613,0.0411,0.0411
