date,symbol,raw_move,weight,contribution,clipped,unexplained_gap
2005-09-21,ITC,-0.2734,0.0474,-0.0130,False,False
2006-01-18,RELIANCE,-0.2529,0.0514,-0.0130,False,False
2006-03-29,IVRCLINFRA,-0.8001,0.0661,-0.0397,True,True
2007-09-21,RNRL,0.3530,0.0468,0.0165,False,False
2007-09-24,RNRL,0.2180,0.0612,0.0133,False,False
2007-10-31,JINDALSTEL,0.2550,0.0239,0.0061,False,False
2007-11-05,RNRL,0.2636,0.0863,0.0227,False,False
2007-11-23,JINDALSTEL,0.2007,0.0256,0.0051,False,False
2007-12-20,IFCI,-0.2327,0.0323,-0.0075,False,False
2008-01-21,ESSAROIL,-0.3185,0.0467,-0.0149,False,False
2008-01-21,JINDALSTEL,-0.2675,0.0469,-0.0125,False,False
2008-01-21,NLCINDIA,-0.2288,0.0209,-0.0048,False,False
2008-01-21,NAGARFERT,-0.3142,0.0422,-0.0133,False,False
2008-01-21,RNRL,-0.2338,0.0634,-0.0148,False,False
2008-01-21,JSWISPAT,-0.2748,0.0322,-0.0088,False,False
2008-01-21,JPPOWER,-0.2269,0.0458,-0.0104,False,False
2008-01-21,MRPL,-0.2750,0.0118,-0.0032,False,False
2008-01-21,LITL,-0.2534,0.0325,-0.0082,False,False
2008-01-21,VEDL,-0.2251,0.0159,-0.0036,False,False
2008-01-22,ESSAROIL,-0.2090,0.0390,-0.0082,False,False
2008-01-22,NLCINDIA,-0.3058,0.0197,-0.0060,False,False
2008-01-22,IFCI,-0.2045,0.0240,-0.0049,False,False
2008-01-22,RNRL,-0.2658,0.0595,-0.0158,False,False
2008-01-22,JSWISPAT,-0.2374,0.0286,-0.0068,False,False
2008-01-22,JPPOWER,-0.2056,0.0433,-0.0089,False,False
2008-01-22,MRPL,-0.2283,0.0105,-0.0024,False,False
2008-01-23,ESSAROIL,0.2519,0.0341,0.0086,False,False
2008-01-23,NLCINDIA,0.2191,0.0152,0.0033,False,False
2008-01-23,NAGARFERT,0.2003,0.0314,0.0063,False,False
2008-01-23,RNRL,0.2043,0.0483,0.0099,False,False
2008-01-23,JSWISPAT,0.3144,0.0241,0.0076,False,False
2008-01-23,RELINFRA,0.2027,0.0588,0.0119,False,False
2008-01-23,JPPOWER,0.2609,0.0381,0.0099,False,False
2008-01-23,MRPL,0.2275,0.0089,0.0020,False,False
2008-01-23,LITL,0.2958,0.0309,0.0092,False,False
2008-01-25,ESSAROIL,0.2469,0.0393,0.0097,False,False
2008-07-02,RENUKA,0.2141,0.0123,0.0026,False,False
2008-07-23,RNRL,0.2284,0.0573,0.0131,False,False
2008-10-10,WELCORP,-0.2213,0.0077,-0.0017,False,False
2008-10-24,LITL,-0.2045,0.0374,-0.0076,False,False
2008-10-24,NATIONALUM,-0.2206,0.0254,-0.0056,False,False
2008-10-31,JSWSTEEL,0.3371,0.0113,0.0038,False,False
2008-11-03,RNRL,0.2305,0.0589,0.0136,False,False
2008-11-04,LITL,0.2494,0.0398,0.0099,False,False
2008-12-11,RNRL,0.2583,0.0581,0.0150,False,False
2008-12-15,WELCORP,0.2111,0.0051,0.0011,False,False
2008-12-17,SATYAMCOMP,-0.3066,0.0413,-0.0127,False,False
2009-01-21,EDUCOMP,-0.2244,0.0076,-0.0017,False,False
2009-04-06,ESSAROIL,0.4762,0.0472,0.0225,False,False
2009-05-18,BHARTIARTL,0.2542,0.0501,0.0127,False,False
2009-05-18,HEROMOTOCO,0.2172,0.0507,0.0110,False,False
2009-05-18,SUNPHARMA,0.2208,0.0526,0.0116,False,False
2014-04-28,UPL,0.2008,0.0083,0.0017,False,False
2015-08-24,WOCKPHARMA,-0.2141,0.0304,-0.0065,False,False
2017-10-25,INDIANB,0.2107,0.0328,0.0069,False,False
2018-02-02,PCJEWELLER,-0.2479,0.0269,-0.0067,False,False
2018-04-27,PCJEWELLER,-0.2495,0.0132,-0.0033,False,False
2018-05-02,PCJEWELLER,-0.2343,0.0080,-0.0019,False,False
2018-05-04,PCJEWELLER,0.4380,0.0068,0.0030,False,False
2018-05-07,PCJEWELLER,0.3756,0.0098,0.0037,False,False
2018-09-21,DHFL,-0.4258,0.0333,-0.0142,False,True
2018-09-25,DHFL,-0.2398,0.0225,-0.0054,False,False
2019-05-20,ADANIENT,0.2737,0.0101,0.0028,False,False
2020-03-23,BAJFINANCE,-0.2323,0.0432,-0.0100,False,False
2020-03-23,BAJAJFINSV,-0.2586,0.0411,-0.0106,False,False
2020-03-23,ICICIPRULI,-0.2150,0.0390,-0.0084,False,False
2020-03-23,COFORGE,-0.2440,0.0100,-0.0024,False,False
2020-03-25,ICICIPRULI,0.2594,0.0363,0.0094,False,False
2020-03-25,MANAPPURAM,0.2088,0.0080,0.0017,False,False
2020-03-25,COFORGE,0.2198,0.0099,0.0022,False,False
2021-10-13,TMPV,0.2045,0.0445,0.0091,False,False
2023-02-01,ADANIENT,-0.2820,0.0402,-0.0113,False,False
2023-02-02,ADANIENT,-0.2670,0.0298,-0.0080,False,False
2023-02-08,ADANIENT,0.2004,0.0247,0.0049,False,False
2024-01-11,POLYCAB,-0.2104,0.0338,-0.0071,False,False
2024-06-04,BHEL,-0.2084,0.0259,-0.0054,False,False
2024-06-04,RECLTD,-0.2519,0.0565,-0.0142,False,False
2024-06-04,PFC,-0.2308,0.0562,-0.0130,False,False
