effective,names_changed,one_way_turnover
2005-12-30,14,0.5557
2006-06-30,9,0.3844
2006-12-29,10,0.4726
2007-06-29,20,0.6604
2007-12-31,14,0.4809
2008-06-30,13,0.4970
2008-12-31,21,0.7097
2009-06-30,22,0.7105
2009-12-31,18,0.6709
2010-06-30,15,0.5246
2010-12-31,16,0.5024
2011-06-30,17,0.6082
2011-12-30,13,0.4615
2012-06-29,13,0.4602
2012-12-31,10,0.3733
2013-06-28,9,0.2802
2013-12-31,12,0.4565
2014-06-30,17,0.6997
2014-12-31,18,0.7118
2015-06-30,10,0.3117
2015-12-31,11,0.4181
2016-06-30,18,0.5883
2016-12-30,17,0.6246
2017-06-30,18,0.7120
2017-12-29,14,0.4602
2018-06-29,14,0.5243
2018-12-31,11,0.2884
2019-06-28,14,0.3974
2019-12-31,12,0.4855
2020-06-30,13,0.4700
2020-12-31,15,0.5711
2021-06-30,14,0.4879
2021-12-31,15,0.5397
2022-06-30,20,0.6795
2022-12-30,14,0.4529
2023-06-30,13,0.5182
2023-12-29,17,0.5898
2024-06-28,12,0.4270
2024-12-31,20,0.6777
2025-06-30,21,0.7491
2025-12-31,19,0.6703
2026-06-30,23,0.8223
