cid,date,ratio
20MICRONS,2013-01-28 00:00:00,2.0
360ONE,2023-03-02 00:00:00,2.0
3IINFOTECH,,
63MOONS,,
AARTIDRUGS,2015-03-24 00:00:00,2.0
AARTIDRUGS,2020-09-30 00:00:00,4.0
AARTIIND,2019-09-27 00:00:00,2.0
AARTIIND,2021-06-22 00:00:00,2.0
ABAN,2005-05-04 00:00:00,5.0
ABB,2007-06-28 00:00:00,5.0
ACE,2008-03-13 00:00:00,5.0
ACUTAAS,2025-04-25 00:00:00,2.0
ADANIENT,2009-12-10 00:00:00,2.0
ADANIPORTS,2010-09-23 00:00:00,5.0
ADANIPOWER,2025-09-22 00:00:00,5.0
ADSL,2009-11-11 00:00:00,2.0
ADVANTA,,
ADVENZYMES,2017-05-25 00:00:00,5.0
AEGISLOG,2010-08-18 00:00:00,1.6666666666666667
AEGISLOG,2015-09-16 00:00:00,10.0
AFFLE,2021-10-07 00:00:00,5.0
AFTEK,,
AIAENG,2008-10-13 00:00:00,5.0
AJANTPHARM,2012-08-09 00:00:00,2.0
AJANTPHARM,2013-09-17 00:00:00,1.5
AJANTPHARM,2015-03-20 00:00:00,2.5
AJANTPHARM,2022-06-22 00:00:00,1.5
AJMERA,2026-01-14 00:00:00,5.0
ALEMBICLTD,2004-03-25 00:00:00,2.0
ALEMBICLTD,2006-09-26 00:00:00,5.0
ALEMBICLTD,2013-09-27 00:00:00,2.0
ALKYLAMINE,2014-09-08 00:00:00,2.0
ALKYLAMINE,2021-05-11 00:00:00,2.5
ALLCARGO,2009-11-19 00:00:00,5.0
ALLCARGO,2015-12-30 00:00:00,2.0
ALLCARGO,2024-01-02 00:00:00,4.0
ALPSINDUS,2006-09-22 00:00:00,2.0
ALPSINDUS,2026-01-02 00:00:00,0.1
AMBUJACEM,2005-06-20 00:00:00,5.0
AMRUTANJAN,2012-10-25 00:00:00,5.0
AMRUTANJAN,2018-04-13 00:00:00,2.0
AMTEKAUTO,,
ANANDRATHI,2025-03-05 00:00:00,2.0
ANANDRATHI,2026-06-03 00:00:00,2.0
ANANTRAJ,2007-10-08 00:00:00,5.0
ANDHRAPAP,2024-09-11 00:00:00,5.0
ANDHRSUGAR,2021-12-30 00:00:00,5.0
ANGELONE,2026-02-26 00:00:00,10.0
ANSALAPI,2007-04-23 00:00:00,2.0
ANSALHSG,,
ANTELOPUS,2010-12-31 00:00:00,1.1
APARINDS,2007-01-11 00:00:00,1.3333333333333333
APLAPOLLO,2020-12-15 00:00:00,5.0
APLAPOLLO,2021-09-16 00:00:00,2.0
APOLLO,2023-05-04 00:00:00,10.0
APOLLOHOSP,2010-09-02 00:00:00,2.0
APOLLOTYRE,2007-08-17 00:00:00,10.0
APTECHT,2023-07-14 00:00:00,1.4
AQUA,,
ARCHIES,2010-11-02 00:00:00,5.0
ARCOTECH,,
ARE&M,2007-09-19 00:00:00,5.0
ARE&M,2008-10-14 00:00:00,1.5
ARE&M,2012-09-25 00:00:00,2.0
ASHOKA,2013-07-03 00:00:00,2.0
ASHOKA,2018-07-12 00:00:00,1.5
ASHOKLEY,2011-08-02 00:00:00,2.0
ASHOKLEY,2025-07-16 00:00:00,2.0
ASIANELEC,,
ASIANPAINT,2003-08-22 00:00:00,1.5
ASIANPAINT,2013-07-30 00:00:00,10.0
ASTRAL,2010-09-15 00:00:00,2.0
ASTRAL,2013-09-05 00:00:00,2.5
ASTRAL,2014-09-25 00:00:00,2.0
ASTRAL,2019-09-16 00:00:00,1.25
ASTRAL,2021-03-18 00:00:00,1.3333333333333333
ASTRAL,2023-03-14 00:00:00,1.3333333333333333
ASTRAMICRO,2005-10-07 00:00:00,5.0
ASTRAMICRO,2010-12-30 00:00:00,1.5
ASTRAZEN,,
ATLANTAA,2010-11-08 00:00:00,5.0
ATLASCYCLE,2017-10-30 00:00:00,2.0
ATULAUTO,2014-09-12 00:00:00,2.0
AUBANK,2022-06-09 00:00:00,2.0
AURIONPRO,2024-06-27 00:00:00,2.0
AUROPHARMA,2003-10-23 00:00:00,2.0
AUROPHARMA,2011-02-10 00:00:00,5.0
AUROPHARMA,2015-07-20 00:00:00,2.0
AURUM,,
AUSTRAL,,
AVANTIFEED,2015-11-26 00:00:00,5.0
AVANTIFEED,2018-06-26 00:00:00,2.0
AXISBANK,2014-07-28 00:00:00,5.0
BAJAJ-AUTO,2010-09-08 00:00:00,2.0
BAJAJCON,2011-05-05 00:00:00,5.0
BAJAJELEC,2010-01-28 00:00:00,5.0
BAJAJFINSV,2022-09-13 00:00:00,5.0
BAJAJHIND,2004-04-28 00:00:00,10.0
BAJFINANCE,2016-09-08 00:00:00,5.0
BAJFINANCE,2025-06-16 00:00:00,2.0
BALAMINES,2010-11-18 00:00:00,5.0
BALKRISIND,2010-12-20 00:00:00,5.0
BALKRISIND,2017-12-21 00:00:00,2.0
BALRAMCHIN,2005-03-23 00:00:00,10.0
BANKBARODA,2015-01-22 00:00:00,5.0
BANKRAJAS,,
BATAINDIA,2015-10-07 00:00:00,2.0
BBTC,2012-11-08 00:00:00,5.0
BCG,2021-08-18 00:00:00,1.25
BCG,2022-03-15 00:00:00,1.6666666666666667
BDL,2024-05-24 00:00:00,2.0
BECTORFOOD,2025-12-12 00:00:00,5.0
BEL,2015-09-14 00:00:00,3.0
BEL,2017-03-16 00:00:00,10.0
BEL,2017-09-28 00:00:00,1.1
BEL,2022-09-15 00:00:00,3.0
BEML,2025-11-03 00:00:00,2.0
BEPL,2023-07-05 00:00:00,1.5
BERGEPAINT,2006-10-12 00:00:00,1.6
BERGEPAINT,2015-01-08 00:00:00,2.0
BERGEPAINT,2016-07-15 00:00:00,1.4
BERGEPAINT,2023-09-22 00:00:00,1.2
BHARATFORG,2005-07-20 00:00:00,5.0
BHARATFORG,2017-09-28 00:00:00,2.0
BHARATIDIL,,
BHARTIARTL,2009-07-24 00:00:00,2.0
BHEL,2007-05-31 00:00:00,2.0
BHEL,2011-10-03 00:00:00,5.0
BHEL,2017-09-28 00:00:00,1.5
BILVYAPAR,,
BIOCON,2008-09-11 00:00:00,2.0
BIOCON,2017-06-15 00:00:00,3.0
BIOCON,2019-06-12 00:00:00,2.0
BLKASHYAP,2007-10-22 00:00:00,2.0
BLKASHYAP,2010-09-29 00:00:00,5.0
BLS,2017-04-26 00:00:00,10.0
BLS,2022-05-13 00:00:00,2.0
BLS,2022-12-08 00:00:00,2.0
BLUESTARCO,2006-09-20 00:00:00,5.0
BLUESTARCO,2023-06-20 00:00:00,2.0
BOMDYEING,2012-10-30 00:00:00,5.0
BORORENEW,2018-08-02 00:00:00,4.0
BOSCHLTD,2004-07-08 00:00:00,10.0
BPCL,2000-12-20 00:00:00,2.0
BPCL,2012-07-13 00:00:00,2.0
BPCL,2016-07-13 00:00:00,2.0
BPCL,2017-07-13 00:00:00,1.5
BPCL,2024-06-21 00:00:00,2.0
BRIGADE,2019-08-28 00:00:00,1.5
BRIGADE,2026-06-17 00:00:00,1.3333333333333333
BRITANNIA,1999-09-24 00:00:00,1.5
BRITANNIA,2010-09-08 00:00:00,5.0
BRITANNIA,2018-11-29 00:00:00,2.0
BSE,2022-03-21 00:00:00,3.0
BSE,2025-05-23 00:00:00,3.0
BSELINFRA,,
BSLIMITED,,
BSOFT,2012-03-13 00:00:00,2.0
BURNPUR,2025-01-30 00:00:00,0.2
CAMS,2025-12-05 00:00:00,5.0
CANBK,2024-05-15 00:00:00,5.0
CANFINHOME,2017-10-12 00:00:00,5.0
CAPLIPOINT,2016-10-19 00:00:00,5.0
CASTEXTECH,,
CASTROL,,
CASTROLIND,2010-04-09 00:00:00,2.0
CASTROLIND,2012-09-04 00:00:00,2.0
CASTROLIND,2017-12-21 00:00:00,2.0
CCAVENUE,2017-08-31 00:00:00,10.0
CCAVENUE,2021-03-18 00:00:00,2.0
CCAVENUE,2022-03-14 00:00:00,2.0
CCCL,2010-02-10 00:00:00,5.0
CCL,2013-08-19 00:00:00,5.0
CDSL,2024-08-23 00:00:00,2.0
CEMPRO,2015-08-21 00:00:00,10.0
CENTURYPLY,2008-04-24 00:00:00,10.0
CESC,2021-09-17 00:00:00,10.0
CGCL,2010-12-24 00:00:00,2.0
CGCL,2016-11-23 00:00:00,5.0
CGCL,2024-03-05 00:00:00,2.0
CGPOWER,2006-08-10 00:00:00,5.0
CGPOWER,2006-12-14 00:00:00,1.4
CGPOWER,2010-03-08 00:00:00,1.75
CHOLAFIN,2019-06-14 00:00:00,5.0
CIPLA,1999-10-18 00:00:00,3.0
CIPLA,2004-05-11 00:00:00,5.0
CIPLA,2006-04-24 00:00:00,2.5
CMAHENDRA,,
CMC,,
COCHINSHIP,2024-01-10 00:00:00,2.0
COFORGE,2007-08-30 00:00:00,1.5
COFORGE,2025-06-04 00:00:00,5.0
COHANCE,2020-09-25 00:00:00,2.0
COLPAL,2015-09-23 00:00:00,2.0
CONCOR,2008-04-16 00:00:00,2.0
CONCOR,2013-09-06 00:00:00,1.5
CONCOR,2017-04-05 00:00:00,1.25
CONCOR,2018-06-26 00:00:00,2.0
CONCOR,2019-02-04 00:00:00,1.25
CONCOR,2025-07-04 00:00:00,1.25
CORALHUB,,
COREEDUTEC,,
COROMANDEL,2006-01-02 00:00:00,5.0
COROMANDEL,2010-12-23 00:00:00,2.0
CORPBANK,,
COSMOFIRST,2003-03-20 00:00:00,2.0
COSMOFIRST,2022-06-16 00:00:00,1.5
COX&KINGS,,
CRISIL,2011-09-28 00:00:00,10.0
CUB,2008-01-23 00:00:00,10.0
CUB,2017-07-13 00:00:00,1.1
CUB,2018-07-10 00:00:00,1.1
CUB,2026-06-12 00:00:00,1.3333333333333333
CUMMINSIND,2011-09-20 00:00:00,1.4
CUPID,2018-10-11 00:00:00,1.2
CUPID,2024-04-04 00:00:00,2.0
CUPID,2026-03-09 00:00:00,5.0
CYIENT,2010-06-10 00:00:00,2.0
DABUR,2006-01-19 00:00:00,2.0
DABUR,2007-01-25 00:00:00,1.5
DABUR,2010-09-08 00:00:00,2.0
DALMIASUG,,
DCHL,,
DCMSHRIRAM,2005-10-07 00:00:00,5.0
DEEPAKNTR,2014-06-20 00:00:00,5.0
DELTACORP,2008-01-15 00:00:00,10.0
DHANUS,,
DHFL,,
DISHMAN,,
DIVISLAB,2007-08-03 00:00:00,5.0
DIVISLAB,2009-07-30 00:00:00,2.0
DIVISLAB,2015-09-23 00:00:00,2.0
DIXON,2021-03-18 00:00:00,5.0
DRREDDY,2001-10-10 00:00:00,2.0
DRREDDY,2006-08-28 00:00:00,2.0
DRREDDY,2024-10-28 00:00:00,5.0
DWARKESH,2017-08-10 00:00:00,10.0
EASEMYTRIP,2022-02-28 00:00:00,2.0
EASEMYTRIP,2022-11-21 00:00:00,4.0
EASEMYTRIP,2024-11-29 00:00:00,2.0
ECLERX,2010-07-23 00:00:00,1.5
ECLERX,2015-12-17 00:00:00,1.3333333333333333
ECLERX,2022-09-21 00:00:00,1.5
ECLERX,2026-03-13 00:00:00,2.0
EDELWEISS,2010-08-10 00:00:00,5.0
EDUCOMP,2009-10-27 00:00:00,5.0
EICHERMOT,2020-08-24 00:00:00,10.0
EIDPARRY,2010-12-23 00:00:00,2.0
EIHOTEL,1996-11-04 00:00:00,1.5
EIHOTEL,2006-09-12 00:00:00,5.0
EKC,,
ELECON,2007-10-10 00:00:00,3.0
ELECON,2024-07-19 00:00:00,2.0
ELECTCAST,2007-09-17 00:00:00,10.0
ELGIEQUIP,2010-12-14 00:00:00,2.0
ELGIEQUIP,2020-09-24 00:00:00,2.0
EMAMILTD,2010-07-21 00:00:00,2.0
EMAMILTD,2013-06-26 00:00:00,1.5
EMAMILTD,2018-06-21 00:00:00,2.0
EMCO,,
ENGINERSIN,1999-11-22 00:00:00,3.0
ENGINERSIN,2010-05-06 00:00:00,2.0
ENGINERSIN,2016-12-30 00:00:00,2.0
ERAINFRA,,
EVINIX,,
EXIDEIND,2003-07-03 00:00:00,2.0
EXIDEIND,2006-09-08 00:00:00,10.0
FCSSOFT,2009-10-15 00:00:00,10.0
FCSSOFT,2010-02-26 00:00:00,2.0
FDC,2004-04-29 00:00:00,2.0
FEDERALBNK,2004-11-29 00:00:00,3.0
FEDERALBNK,2013-10-17 00:00:00,5.0
FEDERALBNK,2015-07-08 00:00:00,2.0
FEL,2008-11-05 00:00:00,1.1
FINCABLES,2007-01-08 00:00:00,5.0
FINPIPE,2021-04-15 00:00:00,5.0
GAIL,2008-10-06 00:00:00,1.5
GAIL,2017-03-09 00:00:00,1.3333333333333333
GAIL,2018-03-27 00:00:00,1.3333333333333333
GAIL,2019-07-09 00:00:00,2.0
GAIL,2022-09-06 00:00:00,1.5
GAMMONIND,,
GDL,,
GENUSPOWER,2010-10-22 00:00:00,10.0
GEODESIC,,
GEOJITFSL,,
GEOMETRIC,,
GFLLIMITED,2008-02-01 00:00:00,2.0
GICRE,2018-07-12 00:00:00,2.0
GLAXO,2018-09-11 00:00:00,2.0
GLENMARK,2003-10-23 00:00:00,5.0
GLENMARK,2007-09-10 00:00:00,2.0
GLODYNE,,
GMBREW,2014-05-16 00:00:00,1.25
GMBREW,2016-05-30 00:00:00,1.25
GMBREW,2018-05-21 00:00:00,1.25
GMBREW,2024-05-24 00:00:00,1.25
GMDCLTD,2007-11-08 00:00:00,5.0
GMDCLTD,2008-10-16 00:00:00,2.0
GMMPFAUDLR,2022-07-11 00:00:00,3.0
GMRAIRPORT,2007-09-28 00:00:00,5.0
GMRAIRPORT,2009-10-01 00:00:00,2.0
GODFRYPHLP,2014-11-28 00:00:00,5.0
GODFRYPHLP,2025-09-16 00:00:00,3.0
GODREJCP,2006-08-24 00:00:00,4.0
GODREJCP,2017-06-22 00:00:00,2.0
GODREJCP,2018-09-12 00:00:00,1.5
GODREJIND,2006-08-25 00:00:00,6.0
GODREJIND,2015-01-05 00:00:00,1.0008
GODREJPROP,2013-11-21 00:00:00,2.0
GOENKA,2012-10-25 00:00:00,10.0
GOKEX,2007-02-08 00:00:00,2.0
GOKUL,2009-10-14 00:00:00,5.0
GPIL,2021-10-26 00:00:00,2.0
GPIL,2024-10-04 00:00:00,5.0
GRANULES,2015-03-23 00:00:00,10.0
GRAPHITE,2006-12-11 00:00:00,5.0
GRASIM,2016-10-06 00:00:00,5.0
GRAVITA,2012-05-25 00:00:00,5.0
GREAVESCOT,2010-11-24 00:00:00,5.0
GRUH,,
GSFC,2012-09-20 00:00:00,5.0
GTL,,
GTLINFRA,,
GUJENERGY,2019-01-15 00:00:00,5.0
GUJNRECOKE,,
GUJRATGAS,,
GVKPIL,2008-02-08 00:00:00,10.0
GVT&D,2008-10-22 00:00:00,5.0
HAL,2023-09-28 00:00:00,2.0
HATHWAY,2015-01-06 00:00:00,5.0
HAVELLS,2003-12-30 00:00:00,2.0
HAVELLS,2005-08-04 00:00:00,2.0
HAVELLS,2006-07-20 00:00:00,2.0
HAVELLS,2010-10-08 00:00:00,2.0
HAVELLS,2014-08-26 00:00:00,5.0
HBLENGINE,2009-11-24 00:00:00,10.0
HCC,2005-11-07 00:00:00,10.0
HCC,2010-08-10 00:00:00,2.0
HCL-INSYS,2005-07-08 00:00:00,5.0
HCLTECH,2007-03-15 00:00:00,2.0
HCLTECH,2015-03-19 00:00:00,2.0
HCLTECH,2019-12-05 00:00:00,2.0
HDFC,,
HDFCAMC,2025-11-26 00:00:00,2.0
HDFCBANK,2011-07-14 00:00:00,5.0
HDFCBANK,2019-09-19 00:00:00,2.0
HDFCBANK,2025-08-26 00:00:00,2.0
HDIL,2008-08-21 00:00:00,1.2857142857142858
HEGAM,2024-10-18 00:00:00,5.0
HELIOSMATH,,
HERCULES,2008-09-17 00:00:00,10.0
HERCULES,2012-07-11 00:00:00,2.0
HERITGFOOD,2013-07-26 00:00:00,2.0
HERITGFOOD,2017-10-10 00:00:00,2.0
HEXAWARE,,
HGS,2007-04-24 00:00:00,0.5
HGS,2022-02-22 00:00:00,2.0
HIKAL,2003-09-29 00:00:00,1.5
HIKAL,2015-02-27 00:00:00,5.0
HIKAL,2018-06-22 00:00:00,1.5
HIMATSEIDE,2005-10-14 00:00:00,2.0
HINDALCO,2005-08-30 00:00:00,10.0
HINDPETRO,1999-10-11 00:00:00,1.5
HINDPETRO,2016-09-14 00:00:00,3.0
HINDPETRO,2017-07-11 00:00:00,1.5
HINDPETRO,2024-06-21 00:00:00,1.5
HINDZINC,2011-03-07 00:00:00,5.0
HLVLTD,,
HSCL,2010-11-08 00:00:00,10.0
HTMEDIA,2006-12-28 00:00:00,5.0
HUBTOWN,,
ICICIBANK,2014-12-04 00:00:00,5.0
ICICIBANK,2017-06-20 00:00:00,1.1
ICIL,2016-11-11 00:00:00,5.0
ICSA,,
IEX,2018-10-19 00:00:00,10.0
IEX,2021-12-03 00:00:00,3.0
IGARASHI,2018-09-27 00:00:00,1.1237623762376239
IGL,2017-11-09 00:00:00,5.0
IGL,2025-01-31 00:00:00,2.0
IIFL,2008-08-08 00:00:00,5.0
IMPAL,2012-09-10 00:00:00,2.0
IMPAL,2019-10-25 00:00:00,1.5
INDHOTEL,2006-10-27 00:00:00,10.0
INDIAGLYCO,2025-08-12 00:00:00,2.0
INDIAMART,2023-06-21 00:00:00,2.0
INDOCO,2012-05-17 00:00:00,5.0
INFINITE,,
INFY,1997-08-19 00:00:00,2.0
INFY,1999-02-10 00:00:00,2.0
INFY,2000-01-27 00:00:00,2.0
INFY,2004-07-01 00:00:00,4.0
INFY,2006-07-13 00:00:00,2.0
INFY,2014-12-02 00:00:00,2.0
INFY,2015-06-15 00:00:00,2.0
INFY,2018-09-04 00:00:00,2.0
INGVYSYABK,,
INOXWIND,2024-05-24 00:00:00,4.0
INSECTICID,2015-04-16 00:00:00,1.5
INSECTICID,2022-09-30 00:00:00,1.5
INVENTURE,2012-05-22 00:00:00,4.0
INVENTURE,2021-06-24 00:00:00,10.0
IOC,1999-09-27 00:00:00,2.0
IOC,2003-08-14 00:00:00,1.5
IOC,2009-10-29 00:00:00,2.0
IOC,2016-10-18 00:00:00,2.0
IOC,2018-03-15 00:00:00,2.0
IOC,2022-06-30 00:00:00,1.5
IOLCP,2025-03-11 00:00:00,5.0
IPCALAB,2005-01-28 00:00:00,2.0
IPCALAB,2010-03-22 00:00:00,5.0
IPCALAB,2022-01-10 00:00:00,2.0
IRB,2023-02-22 00:00:00,10.0
IRB,2026-03-30 00:00:00,2.0
IRCON,2020-04-03 00:00:00,5.0
IRCON,2021-05-20 00:00:00,2.0
IRCTC,2021-10-28 00:00:00,5.0
ITC,2005-09-21 00:00:00,10.0
ITC,2010-08-03 00:00:00,2.0
ITC,2016-07-01 00:00:00,1.5
IVRCLAH,,
IVRCLINFRA,,
J&KBANK,2014-09-04 00:00:00,10.0
JAGRAN,2008-01-09 00:00:00,5.0
JAICORPLTD,2007-10-05 00:00:00,2.0
JAMNAAUTO,2015-12-03 00:00:00,2.0
JAMNAAUTO,2017-10-05 00:00:00,5.0
JAYSREETEA,2010-08-13 00:00:00,2.0
JBCHEPHARM,,
JBMA,2007-10-24 00:00:00,1.5
JBMA,2014-10-08 00:00:00,2.0
JBMA,2022-02-21 00:00:00,2.5
JBMA,2025-01-31 00:00:00,2.0
JETAIRWAYS,,
JINDALPOLY,2010-10-22 00:00:00,2.0
JINDALSAW,2009-12-10 00:00:00,5.0
JINDALSAW,2024-10-09 00:00:00,2.0
JINDALSTEL,2003-12-22 00:00:00,2.0
JINDALSTEL,2008-01-21 00:00:00,5.0
JINDALSTEL,2009-09-14 00:00:00,6.0
JINDRILL,2006-09-12 00:00:00,0.5
JINDRILL,2008-11-06 00:00:00,2.0
JISLJALEQS,2010-10-29 00:00:00,5.0
JISLJALEQS,2011-11-08 00:00:00,1.05
JKIL,2015-12-10 00:00:00,2.0
JKLAKSHMI,2009-12-17 00:00:00,2.0
JKTYRE,2014-12-18 00:00:00,5.0
JMFINANCIL,2008-09-08 00:00:00,10.0
JPASSOCIAT,,
JSL,,
JSWSTEEL,2005-02-21 00:00:00,0.04375
JSWSTEEL,2017-01-04 00:00:00,10.0
JUBLFOOD,2018-06-21 00:00:00,2.0
JUBLFOOD,2022-04-19 00:00:00,5.0
JUBLPHARMA,2006-03-17 00:00:00,5.0
JUBLPHARMA,2010-11-25 00:00:00,1.05
JYOTHYLAB,2008-12-12 00:00:00,5.0
JYOTHYLAB,2012-07-12 00:00:00,2.0
JYOTHYLAB,2018-06-28 00:00:00,2.0
JYOTISTRUC,2006-07-28 00:00:00,5.0
KAJARIACER,2005-10-19 00:00:00,5.0
KAJARIACER,2016-10-04 00:00:00,2.0
KANSAINER,2004-08-13 00:00:00,1.6666666666666667
KANSAINER,2010-06-23 00:00:00,2.0
KANSAINER,2015-03-26 00:00:00,10.0
KANSAINER,2023-07-04 00:00:00,1.5
KARURVYSYA,2002-10-18 00:00:00,2.0
KARURVYSYA,2006-07-19 00:00:00,2.0
KARURVYSYA,2010-09-16 00:00:00,1.4
KARURVYSYA,2016-11-17 00:00:00,5.0
KARURVYSYA,2018-08-14 00:00:00,1.1
KARURVYSYA,2025-08-26 00:00:00,1.2
KAUSHALYA,2024-01-12 00:00:00,0.01
KCPSUGIND,2006-03-08 00:00:00,10.0
KEC,2010-12-30 00:00:00,5.0
KEI,2006-12-29 00:00:00,5.0
KERNEX,2007-10-16 00:00:00,1.1
KGL,,
KIMS,2024-09-13 00:00:00,5.0
KITEX,2017-06-22 00:00:00,1.4
KITEX,2025-01-17 00:00:00,3.0
KKCL,2021-12-16 00:00:00,5.0
KLGSYSTEL,,
KOKUYOCMLN,2008-08-22 00:00:00,10.0
KOTAKBANK,2004-08-25 00:00:00,2.0
KOTAKBANK,2005-08-25 00:00:00,2.5
KOTAKBANK,2010-09-13 00:00:00,2.0
KOTAKBANK,2015-07-08 00:00:00,2.0
KOTAKBANK,2026-01-14 00:00:00,5.0
KPIGREEN,2023-01-18 00:00:00,2.0
KPIGREEN,2024-02-15 00:00:00,1.5
KPIGREEN,2024-07-18 00:00:00,2.0
KPIGREEN,2025-01-03 00:00:00,1.5
KPIL,2006-04-13 00:00:00,2.0
KPIL,2010-09-08 00:00:00,5.0
KPRMILL,2016-11-29 00:00:00,2.0
KPRMILL,2021-09-24 00:00:00,5.0
KRBL,2010-02-10 00:00:00,10.0
KSCL,2014-01-27 00:00:00,5.0
KSOILS,,
KTKBANK,2002-10-25 00:00:00,2.0
KTKBANK,2020-03-17 00:00:00,1.1
LAKSHVILAS,,
LALPATHLAB,2025-12-19 00:00:00,2.0
LAMBODHARA,2015-10-15 00:00:00,2.0
LANDSMILL,2018-01-23 00:00:00,3.0
LANDSMILL,2022-09-28 00:00:00,1.5
LAOPALA,2014-09-24 00:00:00,5.0
LAOPALA,2018-03-22 00:00:00,2.0
LAURUSLABS,2020-09-29 00:00:00,5.0
LIBERTSHOE,2005-10-13 00:00:00,2.0
LICHSGFIN,2010-12-30 00:00:00,5.0
LICI,2026-05-29 00:00:00,2.0
LITL,,
LMW,2006-12-13 00:00:00,10.0
LODHA,2023-05-31 00:00:00,2.0
LT,2004-05-19 00:00:00,0.5
LT,2006-09-28 00:00:00,2.0
LT,2008-10-01 00:00:00,2.0
LT,2013-07-11 00:00:00,1.5
LT,2017-07-13 00:00:00,1.5
LTFOODS,2017-02-07 00:00:00,10.0
LUPIN,2006-08-11 00:00:00,2.0
LUPIN,2010-08-27 00:00:00,5.0
LUXIND,2016-06-06 00:00:00,5.0
M&M,2005-09-01 00:00:00,2.0
M&M,2010-03-29 00:00:00,2.0
M&M,2017-12-21 00:00:00,2.0
M&MFIN,2013-02-15 00:00:00,5.0
MAHLIFE,2021-09-14 00:00:00,3.0
MAHSEAMLES,2022-11-25 00:00:00,2.0
MANAPPURAM,2011-06-09 00:00:00,2.0
MANINDS,2007-10-09 00:00:00,0.5
MANINFRA,2014-08-28 00:00:00,5.0
MANINFRA,2021-11-17 00:00:00,1.5
MANPASAND,,
MARICO,2000-08-02 00:00:00,1.6
MARICO,2002-08-14 00:00:00,2.0
MARICO,2004-05-06 00:00:00,2.0
MARICO,2007-02-21 00:00:00,10.0
MARICO,2015-12-22 00:00:00,2.0
MARKSANS,2008-03-11 00:00:00,10.0
MASTEK,2006-03-27 00:00:00,2.0
MATRIXLABS,,
MAZDOCK,2024-12-27 00:00:00,2.0
MBLINFRA,2015-07-28 00:00:00,2.0
MCX,2026-01-02 00:00:00,5.0
MERCATOR,,
METALFORGE,,
METROPOLIS,2026-03-20 00:00:00,4.0
MFSL,2007-03-12 00:00:00,5.0
MHRIL,2017-07-10 00:00:00,1.5
MHRIL,2021-09-08 00:00:00,1.5
MIC,,
MINDTREE,,
MIRZAINT,,
MMTC,2010-07-29 00:00:00,10.0
MMTC,2018-05-03 00:00:00,1.5
MOIL,2017-09-27 00:00:00,2.0
MONSANTO,,
MOSERBAER,,
MOTHERSON,2005-02-24 00:00:00,1.5
MOTHERSON,2007-08-30 00:00:00,1.5
MOTHERSON,2012-10-03 00:00:00,1.5
MOTHERSON,2013-12-20 00:00:00,1.5
MOTHERSON,2015-07-23 00:00:00,1.5
MOTHERSON,2017-07-05 00:00:00,1.5
MOTHERSON,2018-10-30 00:00:00,1.5
MOTHERSON,2022-10-03 00:00:00,1.5
MOTHERSON,2025-07-18 00:00:00,1.5
MOTILALOFS,2008-07-25 00:00:00,5.0
MOTILALOFS,2024-06-10 00:00:00,4.0
MPHASIS,2003-07-02 00:00:00,2.0
MPHASIS,2004-05-26 00:00:00,2.0
MPHASIS,2005-11-11 00:00:00,2.0
MSUMI,2022-11-16 00:00:00,1.4
MSUMI,2025-07-18 00:00:00,1.5
MVL,,
NATCOPHARM,2015-11-26 00:00:00,5.0
NATIONALUM,2011-03-15 00:00:00,2.0
NAUKRI,2010-09-27 00:00:00,2.0
NAUKRI,2012-06-22 00:00:00,2.0
NAUKRI,2025-05-07 00:00:00,5.0
NAVA,2005-08-24 00:00:00,5.0
NAVA,2016-09-01 00:00:00,2.0
NAVA,2025-01-20 00:00:00,2.0
NAVINFLUOR,2017-07-19 00:00:00,5.0
NAZARA,2022-06-24 00:00:00,2.0
NAZARA,2025-09-26 00:00:00,2.0
NBCC,2016-06-02 00:00:00,5.0
NBCC,2017-02-17 00:00:00,1.5
NBCC,2018-04-25 00:00:00,2.0
NBCC,2024-10-07 00:00:00,1.5
NCC,2005-08-24 00:00:00,5.0
NCC,2006-09-20 00:00:00,2.0
NECLIFE,2008-11-12 00:00:00,10.0
NESCO,2010-07-20 00:00:00,2.0
NESCO,2017-09-15 00:00:00,5.0
NESTLEIND,2024-01-05 00:00:00,10.0
NESTLEIND,2025-08-08 00:00:00,2.0
NEWGEN,2024-01-12 00:00:00,2.0
NIACL,2018-06-27 00:00:00,2.0
NIITLTD,2007-08-24 00:00:00,1.5
NISSAN,,
NITINFIRE,,
NMDC,2008-04-10 00:00:00,10.0
NMDC,2008-05-21 00:00:00,3.0
NMDC,2024-12-27 00:00:00,3.0
NTPC,2019-03-19 00:00:00,1.2
NUCLEUS,2004-08-06 00:00:00,2.0
NUCLEUS,2007-08-03 00:00:00,2.0
NUTEK,,
NUVAMA,2025-12-26 00:00:00,5.0
NYKAA,2022-11-10 00:00:00,6.0
OIL,2012-03-29 00:00:00,2.5
OIL,2017-01-12 00:00:00,1.3333333333333333
OIL,2018-03-27 00:00:00,1.5
OIL,2024-07-02 00:00:00,1.5
OMAXE,2013-11-11 00:00:00,1.2564102564102564
ONGC,2006-10-27 00:00:00,1.5
ONGC,2011-02-08 00:00:00,2.0
ONGC,2016-12-15 00:00:00,1.5
ONMOBILE,2011-05-03 00:00:00,2.0
OPTOCIRCUI,,
ORBITCORP,,
ORIENTPPR,2008-02-01 00:00:00,10.0
ORISSAMINE,2012-10-29 00:00:00,10.0
PAISALO,2010-04-05 00:00:00,5.0
PAISALO,2010-05-18 00:00:00,4.0
PAISALO,2010-10-29 00:00:00,2.0
PAISALO,2011-10-04 00:00:00,0.1
PAISALO,2022-06-30 00:00:00,10.0
PAISALO,2024-03-20 00:00:00,2.0
PALRED,,
PARAS,2025-07-04 00:00:00,2.0
PARSVNATH,2010-10-18 00:00:00,2.0
PATANJALI,2007-10-29 00:00:00,5.0
PATANJALI,2019-11-14 00:00:00,0.01
PATANJALI,2025-09-11 00:00:00,3.0
PCBL,2018-04-19 00:00:00,5.0
PCBL,2022-04-11 00:00:00,2.0
PCJEWELLER,2017-07-06 00:00:00,2.0
PCJEWELLER,2024-12-16 00:00:00,10.0
PEL,,
PENINLAND,2007-10-16 00:00:00,5.0
PERSISTENT,2015-03-10 00:00:00,2.0
PERSISTENT,2024-03-28 00:00:00,2.0
PETRONET,2017-07-03 00:00:00,2.0
PFC,2016-08-26 00:00:00,2.0
PFC,2023-09-21 00:00:00,1.25
PFOCUS,2010-10-29 00:00:00,10.0
PGEL,2024-07-10 00:00:00,10.0
PGIL,2024-01-05 00:00:00,2.0
PGIL,2026-09-11 00:00:00,2.0
PHILIPCARB,,
PHOENIXLTD,2008-02-13 00:00:00,5.0
PHOENIXLTD,2024-09-20 00:00:00,2.0
PIDILITIND,2005-09-20 00:00:00,10.0
PIDILITIND,2010-03-15 00:00:00,2.0
PIDILITIND,2025-09-23 00:00:00,2.0
PIIND,2011-08-17 00:00:00,2.0
PIIND,2013-04-12 00:00:00,5.0
PNB,2014-12-18 00:00:00,5.0
POLYPLEX,2010-12-23 00:00:00,2.0
POONAWALLA,2010-08-13 00:00:00,5.0
POWERGRID,2021-07-29 00:00:00,1.3333333333333333
POWERGRID,2023-09-12 00:00:00,1.3333333333333333
PRAJIND,2005-08-17 00:00:00,5.0
PRAJIND,2007-07-18 00:00:00,2.0
PRAKASHSTL,2016-03-03 00:00:00,10.0
PRATIBHA,,
PRICOL,,
PROVOGUE,,
PUNJLLOYD,,
PURVA,,
PVP,1999-03-22 00:00:00,2.0
RADICO,,
RAIN,2011-06-15 00:00:00,5.0
RAJESHEXPO,2005-09-09 00:00:00,5.0
RAJESHEXPO,2008-01-29 00:00:00,3.0
RAJTV,2014-03-25 00:00:00,2.0
RALLIS,2010-06-08 00:00:00,1.5
RALLIS,2011-07-15 00:00:00,10.0
RAMCOCEM,2008-10-01 00:00:00,10.0
RANBAXY,,
RECLTD,2016-09-28 00:00:00,2.0
RECLTD,2022-08-17 00:00:00,1.3333333333333333
REDINGTON,2010-08-20 00:00:00,5.0
REDINGTON,2021-08-18 00:00:00,2.0
REIAGROLTD,,
RELAXO,2013-11-22 00:00:00,5.0
RELAXO,2015-07-01 00:00:00,2.0
RELAXO,2019-06-26 00:00:00,2.0
RELIANCE,1997-10-27 00:00:00,2.0
RELIANCE,2009-11-26 00:00:00,2.0
RELIANCE,2017-09-07 00:00:00,2.0
RELIANCE,2024-10-28 00:00:00,2.0
RENUKA,2008-04-10 00:00:00,10.0
RENUKA,2010-03-15 00:00:00,2.0
RESURGERE,,
RITES,2019-08-08 00:00:00,1.25
RITES,2024-09-20 00:00:00,2.0
ROLTA,,
RPOWER,2008-05-30 00:00:00,1.6
RSSOFTWARE,2010-06-08 00:00:00,1.28
RSSOFTWARE,2010-06-21 00:00:00,1.28
RSSOFTWARE,2015-01-21 00:00:00,2.0
RUCHISOYA,,
RUSHIL,2024-08-09 00:00:00,10.0
SADBHAV,2010-12-07 00:00:00,10.0
SAKSOFT,2022-09-23 00:00:00,10.0
SAKSOFT,2024-09-19 00:00:00,1.25
SAREGAMA,2022-04-26 00:00:00,10.0
SATYAMCOMP,,
SBIN,2014-11-20 00:00:00,10.0
SCHAEFFLER,2022-02-08 00:00:00,5.0
SCI,2008-10-29 00:00:00,1.5
SECURKLOUD,2016-10-10 00:00:00,2.0
SETUINFRA,2012-12-13 00:00:00,10.0
SEZALGLASS,,
SFL,2022-12-21 00:00:00,2.0
SHAH,2016-10-13 00:00:00,10.0
SHAKTIPUMP,2024-11-25 00:00:00,6.0
SHANTIGEAR,,
SHASUNPHAR,,
SHEKHAWATI,2013-04-10 00:00:00,10.0
SHEKHAWATI,2024-08-28 00:00:00,0.1
SHILPAMED,2013-07-16 00:00:00,1.5
SHILPAMED,2015-11-06 00:00:00,2.0
SHILPAMED,2025-10-03 00:00:00,2.0
SHOPERSTOP,2011-01-12 00:00:00,2.0
SHREEASHTA,,
SHRIASTER,,
SHRIRAMFIN,2025-01-10 00:00:00,5.0
SIEMENS,2006-06-13 00:00:00,5.0
SIEMENS,2008-02-29 00:00:00,2.0
SIMPLEXINF,,
SINTEX,,
SITINET,,
SOLARINDS,2016-07-13 00:00:00,5.0
SONATSOFTW,2022-09-08 00:00:00,1.3333333333333333
SONATSOFTW,2023-12-12 00:00:00,2.0
SOUTHBANK,2008-10-16 00:00:00,1.25
SOUTHBANK,2010-09-23 00:00:00,10.0
SPICETELE,,
SREINFRA,,
SRF,2021-10-13 00:00:00,5.0
SRIADIKARI,,
STAR,,
STCINDIA,2008-03-19 00:00:00,2.0
STER,,
STERLINBIO,,
STLTECH,2010-03-09 00:00:00,2.5
SUBEX,,
SUDARSCHEM,2014-09-30 00:00:00,5.0
SUJANATOW,,
SUMMIT,,
SUNDARMFIN,2008-08-22 00:00:00,2.0
SUNDARMFIN,2012-12-13 00:00:00,2.0
SUNDRMFAST,2004-01-27 00:00:00,10.0
SUNDRMFAST,2007-01-04 00:00:00,2.0
SUNILHITEC,,
SUNPHARMA,2000-03-08 00:00:00,3.0
SUNPHARMA,2003-01-13 00:00:00,2.0
SUNPHARMA,2004-05-27 00:00:00,2.0
SUNPHARMA,2010-11-25 00:00:00,5.0
SUNPHARMA,2013-07-29 00:00:00,2.0
SUNTECK,2017-07-25 00:00:00,2.0
SUNTV,2007-07-23 00:00:00,2.0
SUPREMEIND,2006-11-13 00:00:00,2.0
SUPREMEIND,2010-10-18 00:00:00,5.0
SURYALAXMI,,
SURYAPHARM,,
SUVEN,2007-03-23 00:00:00,2.0
SUZLON,2008-01-21 00:00:00,5.0
SWANCORP,2014-02-03 00:00:00,2.0
SYMPHONY,2012-02-15 00:00:00,5.0
SYMPHONY,2016-09-14 00:00:00,2.0
SYNGENE,2019-06-11 00:00:00,2.0
TAKE,2008-09-18 00:00:00,10.0
TANLA,2008-05-02 00:00:00,2.0
TARIL,2013-06-13 00:00:00,1.1111111111111112
TARIL,2017-09-28 00:00:00,10.0
TARIL,2025-02-14 00:00:00,2.0
TATACOFFEE,,
TATACONSUM,2010-06-30 00:00:00,10.0
TATAELXSI,2017-09-18 00:00:00,2.0
TATAINVEST,2005-08-22 00:00:00,1.5
TATAINVEST,2025-10-14 00:00:00,10.0
TATAMTRDVR,,
TATAPOWER,2011-09-26 00:00:00,10.0
TATASTEEL,2004-08-11 00:00:00,1.5
TATASTEEL,2022-07-28 00:00:00,10.0
TATASTLBSL,,
TCS,2006-07-28 00:00:00,2.0
TCS,2009-06-16 00:00:00,2.0
TCS,2018-05-31 00:00:00,2.0
TDPOWERSYS,2022-10-31 00:00:00,5.0
TDPOWERSYS,2026-08-24 00:00:00,2.0
TECHM,2015-03-19 00:00:00,2.0
TEXINFRA,2009-01-01 00:00:00,10.0
TFCILTD,2025-09-19 00:00:00,5.0
THEBYKE,,
THERMAX,2003-09-08 00:00:00,3.0
THERMAX,2006-03-31 00:00:00,5.0
THOMASCOOK,2007-05-14 00:00:00,10.0
THYROCARE,2025-11-28 00:00:00,3.0
TI,2010-09-28 00:00:00,3.0
TIMETECHNO,2008-10-29 00:00:00,10.0
TIMETECHNO,2025-09-23 00:00:00,2.0
TIRUMALCHM,2018-08-14 00:00:00,10.0
TITAGARH,2015-04-23 00:00:00,5.0
TITAN,2011-06-23 00:00:00,10.0
TMPV,1995-10-04 00:00:00,1.6
TMPV,2011-09-12 00:00:00,5.0
TORNTPHARM,2006-02-20 00:00:00,2.0
TORNTPHARM,2013-07-23 00:00:00,2.0
TORNTPHARM,2022-07-08 00:00:00,2.0
TRENT,2016-09-12 00:00:00,10.0
TRENT,2026-06-04 00:00:00,1.5
TRIDENT,2019-12-13 00:00:00,10.0
TTKPRESTIG,2019-05-15 00:00:00,1.2
TTKPRESTIG,2021-12-14 00:00:00,10.0
TTML,2013-08-07 00:00:00,1.1333333333333333
TULIP,,
TULSI,,
TV-18,,
TV18BRDCST,,
TVSMOTOR,2003-12-18 00:00:00,10.0
TVSMOTOR,2010-09-08 00:00:00,2.0
UCAL,2004-10-25 00:00:00,2.0
UJAAS,,
UNICHEMLAB,2004-03-16 00:00:00,2.0
UNICHEMLAB,2010-10-21 00:00:00,2.5
UNITDSPR,2018-06-15 00:00:00,5.0
UNITECH,2006-06-23 00:00:00,13.0
UNITECH,2006-06-30 00:00:00,1.08
UNITECH,2007-08-30 00:00:00,2.0
UNITY,,
UNOMINDA,2016-09-12 00:00:00,5.0
UNOMINDA,2018-07-11 00:00:00,3.0
UNOMINDA,2022-07-07 00:00:00,2.0
UPL,2005-09-27 00:00:00,5.0
UPL,2008-10-29 00:00:00,2.0
UPL,2019-07-02 00:00:00,1.5
USHAMART,,
V2RETAIL,2026-03-25 00:00:00,10.0
VAKRANGEE,2012-04-12 00:00:00,10.0
VAKRANGEE,2017-12-21 00:00:00,2.0
VALECHAENG,,
VBL,2019-07-25 00:00:00,1.5
VBL,2021-06-10 00:00:00,1.5
VBL,2022-06-06 00:00:00,1.5
VBL,2023-06-15 00:00:00,2.0
VBL,2024-09-12 00:00:00,2.5
VEDL,2005-02-16 00:00:00,2.0
VEDL,2008-08-08 00:00:00,10.0
VEEDOL,2016-03-16 00:00:00,2.0
VEEDOL,2021-07-26 00:00:00,2.0
VENKEYS,2015-12-21 00:00:00,1.5
VESUVIUS,2025-06-10 00:00:00,10.0
VGUARD,2016-08-30 00:00:00,10.0
VGUARD,2017-03-15 00:00:00,1.4
VIMTALABS,2025-06-13 00:00:00,2.0
VINATIORGA,2009-10-30 00:00:00,5.0
VINATIORGA,2020-02-05 00:00:00,2.0
VIPIND,2011-10-31 00:00:00,5.0
VISAKAIND,2023-05-15 00:00:00,5.0
VISHALEXPO,,
VIVIMEDLAB,2016-04-06 00:00:00,5.0
VOLTAS,2006-09-22 00:00:00,10.0
VRLLOG,2025-08-14 00:00:00,2.0
VTL,2005-09-15 00:00:00,1.5
VTL,2022-03-24 00:00:00,5.0
WABAG,2011-08-16 00:00:00,2.5
WABAG,2015-03-26 00:00:00,2.0
WALCHANNAG,2008-02-25 00:00:00,5.0
WELSPUNLIV,2016-03-21 00:00:00,10.0
WHEELS,2018-08-08 00:00:00,2.0
WIPRO,1997-10-20 00:00:00,3.0
WIPRO,1999-09-27 00:00:00,5.0
WIPRO,2004-06-25 00:00:00,3.0
WIPRO,2005-08-22 00:00:00,2.0
WIPRO,2010-06-15 00:00:00,1.6666666666666667
WIPRO,2017-06-13 00:00:00,2.0
WIPRO,2019-03-06 00:00:00,1.3333333333333333
WIPRO,2024-12-03 00:00:00,2.0
WOCKPHARMA,,
WSTCSTPAPR,2007-10-26 00:00:00,5.0
YESBANK,2017-09-21 00:00:00,5.0
ZANDUREALT,,
ZEEL,2010-11-11 00:00:00,2.0
ZENSARTECH,2010-07-21 00:00:00,2.0
ZENSARTECH,2018-09-07 00:00:00,5.0
ZYDUSLIFE,2010-04-05 00:00:00,1.5
ZYDUSLIFE,2015-10-06 00:00:00,5.0
ZYDUSWELL,2025-09-18 00:00:00,5.0
ZYLOG,,
