date,symbol
2020-05-29,ACC
2020-05-29,ADANIENT
2020-05-29,ADANIPORTS
2020-05-29,ADANIPOWER
2020-05-29,AMARAJABAT
2020-05-29,AMBUJACEM
2020-05-29,APOLLOHOSP
2020-05-29,APOLLOTYRE
2020-05-29,ASHOKLEY
2020-05-29,ASIANPAINT
2020-05-29,AUROPHARMA
2020-05-29,AXISBANK
2020-05-29,BAJAJ-AUTO
2020-05-29,BAJAJFINSV
2020-05-29,BAJFINANCE
2020-05-29,BALKRISIND
2020-05-29,BANDHANBNK
2020-05-29,BANKBARODA
2020-05-29,BATAINDIA
2020-05-29,BEL
2020-05-29,BERGEPAINT
2020-05-29,BHARATFORG
2020-05-29,BHARTIARTL
2020-05-29,BHEL
2020-05-29,BIOCON
2020-05-29,BOSCHLTD
2020-05-29,BPCL
2020-05-29,BRITANNIA
2020-05-29,CADILAHC
2020-05-29,CANBK
2020-05-29,CENTURYTEX
2020-05-29,CHOLAFIN
2020-05-29,CIPLA
2020-05-29,COALINDIA
2020-05-29,COLPAL
2020-05-29,CONCOR
2020-05-29,CUMMINSIND
2020-05-29,DABUR
2020-05-29,DIVISLAB
2020-05-29,DLF
2020-05-29,DRREDDY
2020-05-29,EICHERMOT
2020-05-29,EQUITAS
2020-05-29,ESCORTS
2020-05-29,EXIDEIND
2020-05-29,FEDERALBNK
2020-05-29,GAIL
2020-05-29,GLENMARK
2020-05-29,GMRINFRA
2020-05-29,GODREJCP
2020-05-29,GODREJPROP
2020-05-29,GRASIM
2020-05-29,HAVELLS
2020-05-29,HCLTECH
2020-05-29,HDFC
2020-05-29,HDFCBANK
2020-05-29,HDFCLIFE
2020-05-29,HEROMOTOCO
2020-05-29,HINDALCO
2020-05-29,HINDPETRO
2020-05-29,HINDUNILVR
2020-05-29,IBULHSGFIN
2020-05-29,ICICIBANK
2020-05-29,ICICIPRULI
2020-05-29,IDEA
2020-05-29,IDFCFIRSTB
2020-05-29,IGL
2020-05-29,INDIGO
2020-05-29,INDUSINDBK
2020-05-29,INFRATEL
2020-05-29,INFY
2020-05-29,IOC
2020-05-29,ITC
2020-05-29,JINDALSTEL
2020-05-29,JSWSTEEL
2020-05-29,JUBLFOOD
2020-05-29,JUSTDIAL
2020-05-29,KOTAKBANK
2020-05-29,L&TFH
2020-05-29,LICHSGFIN
2020-05-29,LT
2020-05-29,LUPIN
2020-05-29,M&M
2020-05-29,M&MFIN
2020-05-29,MANAPPURAM
2020-05-29,MARICO
2020-05-29,MARUTI
2020-05-29,MCDOWELL-N
2020-05-29,MFSL
2020-05-29,MGL
2020-05-29,MINDTREE
2020-05-29,MOTHERSUMI
2020-05-29,MRF
2020-05-29,MUTHOOTFIN
2020-05-29,NATIONALUM
2020-05-29,NAUKRI
2020-05-29,NCC
2020-05-29,NESTLEIND
2020-05-29,NIITTECH
2020-05-29,NMDC
2020-05-29,NTPC
2020-05-29,ONGC
2020-05-29,PAGEIND
2020-05-29,PEL
2020-05-29,PETRONET
2020-05-29,PFC
2020-05-29,PIDILITIND
2020-05-29,PNB
2020-05-29,POWERGRID
2020-05-29,PVR
2020-05-29,RAMCOCEM
2020-05-29,RBLBANK
2020-05-29,RECLTD
2020-05-29,RELIANCE
2020-05-29,SAIL
2020-05-29,SBILIFE
2020-05-29,SBIN
2020-05-29,SHREECEM
2020-05-29,SIEMENS
2020-05-29,SRF
2020-05-29,SRTRANSFIN
2020-05-29,SUNPHARMA
2020-05-29,SUNTV
2020-05-29,TATACHEM
2020-05-29,TATACONSUM
2020-05-29,TATAMOTORS
2020-05-29,TATAPOWER
2020-05-29,TATASTEEL
2020-05-29,TCS
2020-05-29,TECHM
2020-05-29,TITAN
2020-05-29,TORNTPHARM
2020-05-29,TORNTPOWER
2020-05-29,TVSMOTOR
2020-05-29,UBL
2020-05-29,UJJIVAN
2020-05-29,ULTRACEMCO
2020-05-29,UPL
2020-05-29,VEDL
2020-05-29,VOLTAS
2020-05-29,WIPRO
2020-05-29,ZEEL
2020-11-27,ACC
2020-11-27,ADANIENT
2020-11-27,ADANIPORTS
2020-11-27,AMARAJABAT
2020-11-27,AMBUJACEM
2020-11-27,APOLLOHOSP
2020-11-27,APOLLOTYRE
2020-11-27,ASHOKLEY
2020-11-27,ASIANPAINT
2020-11-27,AUROPHARMA
2020-11-27,AXISBANK
2020-11-27,BAJAJ-AUTO
2020-11-27,BAJAJFINSV
2020-11-27,BAJFINANCE
2020-11-27,BALKRISIND
2020-11-27,BANDHANBNK
2020-11-27,BANKBARODA
2020-11-27,BATAINDIA
2020-11-27,BEL
2020-11-27,BERGEPAINT
2020-11-27,BHARATFORG
2020-11-27,BHARTIARTL
2020-11-27,BHEL
2020-11-27,BIOCON
2020-11-27,BOSCHLTD
2020-11-27,BPCL
2020-11-27,BRITANNIA
2020-11-27,CADILAHC
2020-11-27,CANBK
2020-11-27,CHOLAFIN
2020-11-27,CIPLA
2020-11-27,COALINDIA
2020-11-27,COFORGE
2020-11-27,COLPAL
2020-11-27,CONCOR
2020-11-27,CUMMINSIND
2020-11-27,DABUR
2020-11-27,DIVISLAB
2020-11-27,DLF
2020-11-27,DRREDDY
2020-11-27,EICHERMOT
2020-11-27,ESCORTS
2020-11-27,EXIDEIND
2020-11-27,FEDERALBNK
2020-11-27,GAIL
2020-11-27,GLENMARK
2020-11-27,GMRINFRA
2020-11-27,GODREJCP
2020-11-27,GODREJPROP
2020-11-27,GRASIM
2020-11-27,HAVELLS
2020-11-27,HCLTECH
2020-11-27,HDFC
2020-11-27,HDFCBANK
2020-11-27,HDFCLIFE
2020-11-27,HEROMOTOCO
2020-11-27,HINDALCO
2020-11-27,HINDPETRO
2020-11-27,HINDUNILVR
2020-11-27,IBULHSGFIN
2020-11-27,ICICIBANK
2020-11-27,ICICIGI
2020-11-27,ICICIPRULI
2020-11-27,IDEA
2020-11-27,IDFCFIRSTB
2020-11-27,IGL
2020-11-27,INDIGO
2020-11-27,INDUSINDBK
2020-11-27,INFRATEL
2020-11-27,INFY
2020-11-27,IOC
2020-11-27,ITC
2020-11-27,JINDALSTEL
2020-11-27,JSWSTEEL
2020-11-27,JUBLFOOD
2020-11-27,KOTAKBANK
2020-11-27,L&TFH
2020-11-27,LICHSGFIN
2020-11-27,LT
2020-11-27,LUPIN
2020-11-27,M&M
2020-11-27,M&MFIN
2020-11-27,MANAPPURAM
2020-11-27,MARICO
2020-11-27,MARUTI
2020-11-27,MCDOWELL-N
2020-11-27,MFSL
2020-11-27,MGL
2020-11-27,MINDTREE
2020-11-27,MOTHERSUMI
2020-11-27,MRF
2020-11-27,MUTHOOTFIN
2020-11-27,NATIONALUM
2020-11-27,NAUKRI
2020-11-27,NESTLEIND
2020-11-27,NMDC
2020-11-27,NTPC
2020-11-27,ONGC
2020-11-27,PAGEIND
2020-11-27,PEL
2020-11-27,PETRONET
2020-11-27,PFC
2020-11-27,PIDILITIND
2020-11-27,PNB
2020-11-27,POWERGRID
2020-11-27,PVR
2020-11-27,RAMCOCEM
2020-11-27,RBLBANK
2020-11-27,RECLTD
2020-11-27,RELIANCE
2020-11-27,SAIL
2020-11-27,SBILIFE
2020-11-27,SBIN
2020-11-27,SHREECEM
2020-11-27,SIEMENS
2020-11-27,SRF
2020-11-27,SRTRANSFIN
2020-11-27,SUNPHARMA
2020-11-27,SUNTV
2020-11-27,TATACHEM
2020-11-27,TATACONSUM
2020-11-27,TATAMOTORS
2020-11-27,TATAPOWER
2020-11-27,TATASTEEL
2020-11-27,TCS
2020-11-27,TECHM
2020-11-27,TITAN
2020-11-27,TORNTPHARM
2020-11-27,TORNTPOWER
2020-11-27,TVSMOTOR
2020-11-27,UBL
2020-11-27,ULTRACEMCO
2020-11-27,UPL
2020-11-27,VEDL
2020-11-27,VOLTAS
2020-11-27,WIPRO
2020-11-27,ZEEL
