review,cutoff,effective,symbol,rank,score,ret6,ret12,sigma,weight_tilt,weight_ew,n_eligible
2019-06,2019-05-31,2019-06-28,BATAINDIA,1,3.18998,0.26991,0.69968,0.29288,0.01350,0.03333,148
2019-06,2019-05-31,2019-06-28,MUTHOOTFIN,2,3.06137,0.43769,0.66996,0.37118,0.01768,0.03333,148
2019-06,2019-05-31,2019-06-28,BAJFINANCE,3,2.96483,0.36624,0.64325,0.34900,0.05000,0.03333,148
2019-06,2019-05-31,2019-06-28,AXISBANK,4,2.94592,0.29173,0.48067,0.27104,0.05000,0.03333,148
2019-06,2019-05-31,2019-06-28,TITAN,5,2.81570,0.33292,0.37290,0.27389,0.05000,0.03333,148
2019-06,2019-05-31,2019-06-28,WIPRO,6,2.76494,0.17624,0.45806,0.23360,0.05000,0.03333,148
2019-06,2019-05-31,2019-06-28,INDIGO,7,2.75277,0.61454,0.37486,0.41946,0.03562,0.03333,148
2019-06,2019-05-31,2019-06-28,BAJAJFINSV,8,2.73963,0.36594,0.35512,0.29498,0.05000,0.03333,148
2019-06,2019-05-31,2019-06-28,SRF,9,2.62085,0.31528,0.47337,0.32983,0.00943,0.03333,148
2019-06,2019-05-31,2019-06-28,UPL,10,2.53645,0.31822,0.41174,0.32500,0.03216,0.03333,148
2019-06,2019-05-31,2019-06-28,SHREECEM,11,2.50182,0.31123,0.28069,0.27849,0.04174,0.03333,148
2019-06,2019-05-31,2019-06-28,PFC,12,2.49613,0.43783,0.54314,0.44913,0.01869,0.03333,148
2019-06,2019-05-31,2019-06-28,ICICIBANK,13,2.47085,0.19302,0.48251,0.29429,0.05000,0.03333,148
2019-06,2019-05-31,2019-06-28,RBLBANK,14,2.32413,0.25337,0.33233,0.29739,0.05000,0.03333,148
2019-06,2019-05-31,2019-06-28,SIEMENS,15,2.32185,0.33782,0.21657,0.30154,0.01371,0.03333,148
2019-06,2019-05-31,2019-06-28,RELIANCE,16,2.26701,0.13927,0.44370,0.28428,0.05000,0.03333,148
2019-06,2019-05-31,2019-06-28,HDFCBANK,20,2.14507,0.13949,0.13363,0.16238,0.05000,0.03333,148
2019-06,2019-05-31,2019-06-28,DIVISLAB,22,2.11270,0.10626,0.52017,0.33207,0.02354,0.03333,148
2019-06,2019-05-31,2019-06-28,KOTAKBANK,24,2.07567,0.23356,0.14053,0.24497,0.05000,0.03333,148
2019-06,2019-05-31,2019-06-28,TCS,29,1.95008,0.11599,0.26162,0.24304,0.05000,0.03333,148
2019-06,2019-05-31,2019-06-28,HAVELLS,30,1.92395,0.09238,0.37453,0.29374,0.02285,0.03333,148
2019-06,2019-05-31,2019-06-28,INFY,32,1.76179,0.10533,0.19784,0.23839,0.05000,0.03333,148
2019-06,2019-05-31,2019-06-28,DRREDDY,36,1.58012,-0.01611,0.38302,0.30111,0.01861,0.03333,148
2019-06,2019-05-31,2019-06-28,NESTLEIND,39,1.56179,0.06812,0.19102,0.25039,0.04286,0.03333,148
2019-06,2019-05-31,2019-06-28,ADANIENT,42,1.47339,-0.06212,0.65476,0.55011,0.00743,0.03333,148
2019-06,2019-05-31,2019-06-28,PIDILITIND,43,1.46674,0.10861,0.11407,0.27067,0.02289,0.03333,148
2019-06,2019-05-31,2019-06-28,SBIN,17,2.22456,0.23836,0.30774,0.29751,0.05000,0.03333,148
2019-06,2019-05-31,2019-06-28,PVRINOX,18,2.15411,0.24140,0.34748,0.33434,0.00877,0.03333,148
2019-06,2019-05-31,2019-06-28,RAMCOCEM,19,2.15249,0.35295,0.05501,0.27385,0.00910,0.03333,148
2019-06,2019-05-31,2019-06-28,IGL,21,2.14464,0.27969,0.27075,0.32704,0.01141,0.03333,148
2019-12,2019-11-29,2019-12-31,BERGEPAINT,1,3.82013,0.50333,0.55269,0.27833,0.04380,0.03333,133
2019-12,2019-11-29,2019-12-31,BATAINDIA,2,3.13360,0.22956,0.56144,0.25060,0.02290,0.03333,133
2019-12,2019-11-29,2019-12-31,NESTLEIND,3,2.90635,0.25707,0.34270,0.22344,0.05000,0.03333,133
2019-12,2019-11-29,2019-12-31,IGL,4,2.87323,0.22777,0.57116,0.28480,0.02634,0.03333,133
2019-12,2019-11-29,2019-12-31,TATACONSUM,5,2.79307,0.32439,0.47793,0.31306,0.02834,0.03333,133
2019-12,2019-11-29,2019-12-31,ICICIPRULI,6,2.71558,0.29581,0.54481,0.33416,0.05000,0.03333,133
2019-12,2019-11-29,2019-12-31,GMRAIRPORT,7,2.57102,0.41290,0.36025,0.35841,0.01620,0.03333,133
2019-12,2019-11-29,2019-12-31,ICICIBANK,8,2.53921,0.20982,0.44333,0.28282,0.05000,0.03333,133
2019-12,2019-11-29,2019-12-31,COLPAL,9,2.53488,0.27930,0.20871,0.23448,0.03430,0.03333,133
2019-12,2019-11-29,2019-12-31,BAJFINANCE,10,2.53190,0.17510,0.60547,0.32545,0.05000,0.03333,133
2019-12,2019-11-29,2019-12-31,SIEMENS,11,2.49586,0.15600,0.54652,0.29896,0.02709,0.03333,133
2019-12,2019-11-29,2019-12-31,MANAPPURAM,12,2.48784,0.14540,0.78911,0.38781,0.01215,0.03333,133
2019-12,2019-11-29,2019-12-31,ASIANPAINT,13,2.43501,0.21236,0.26762,0.23278,0.05000,0.03333,133
2019-12,2019-11-29,2019-12-31,BPCL,14,2.42447,0.24966,0.57691,0.38061,0.05000,0.03333,133
2019-12,2019-11-29,2019-12-31,COFORGE,15,2.39268,0.14100,0.36810,0.23663,0.01116,0.03333,133
2019-12,2019-11-29,2019-12-31,BAJAJFINSV,17,2.25681,0.11264,0.51981,0.30824,0.05000,0.03333,133
2019-12,2019-11-29,2019-12-31,RELIANCE,19,2.20283,0.16615,0.32855,0.26853,0.05000,0.03333,133
2019-12,2019-11-29,2019-12-31,SRF,20,2.08393,0.12463,0.47920,0.33931,0.01346,0.03333,133
2019-12,2019-11-29,2019-12-31,ADANIENT,23,1.99649,0.38869,0.30242,0.48410,0.01597,0.03333,133
2019-12,2019-11-29,2019-12-31,KOTAKBANK,26,1.87400,0.06113,0.30897,0.24537,0.05000,0.03333,133
2019-12,2019-11-29,2019-12-31,MUTHOOTFIN,27,1.83141,0.04203,0.49812,0.35854,0.01794,0.03333,133
2019-12,2019-11-29,2019-12-31,DIVISLAB,28,1.81438,0.12177,0.24098,0.27496,0.03005,0.03333,133
2019-12,2019-11-29,2019-12-31,HDFCBANK,30,1.71827,0.05135,0.19801,0.19807,0.05000,0.03333,133
2019-12,2019-11-29,2019-12-31,RAMCOCEM,33,1.57710,-0.01887,0.32742,0.25682,0.01082,0.03333,133
2019-12,2019-11-29,2019-12-31,PVRINOX,38,1.44789,0.01618,0.26149,0.29681,0.00892,0.03333,133
2019-12,2019-11-29,2019-12-31,SHREECEM,39,1.39997,-0.02878,0.27349,0.25983,0.03847,0.03333,133
2019-12,2019-11-29,2019-12-31,DRREDDY,40,1.39636,0.08793,0.07040,0.22878,0.02362,0.03333,133
2019-12,2019-11-29,2019-12-31,VOLTAS,16,2.30356,0.20762,0.26474,0.24929,0.01849,0.03333,133
2019-12,2019-11-29,2019-12-31,BHARTIARTL,18,2.22057,0.26849,0.41132,0.37340,0.05000,0.03333,133
2019-12,2019-11-29,2019-12-31,HINDUNILVR,21,2.05138,0.13799,0.16038,0.19187,0.05000,0.03333,133
